--
-- PostgreSQL database dump
--

\restrict jmYGcuvb2ZEs9xzmlLOFHKXJXJMJ3f2lgkxth3wURhcjAXToqOgYp5ngNigSZiq

-- Dumped from database version 16.13
-- Dumped by pg_dump version 16.13

SET statement_timeout = 0;
SET lock_timeout = 0;
SET idle_in_transaction_session_timeout = 0;
SET client_encoding = 'UTF8';
SET standard_conforming_strings = on;
SELECT pg_catalog.set_config('search_path', '', false);
SET check_function_bodies = false;
SET xmloption = content;
SET client_min_messages = warning;
SET row_security = off;

SET default_tablespace = '';

SET default_table_access_method = heap;

--
-- Name: auth_group; Type: TABLE; Schema: public; Owner: -
--

CREATE TABLE public.auth_group (
    id integer NOT NULL,
    name character varying(150) NOT NULL
);


--
-- Name: auth_group_id_seq; Type: SEQUENCE; Schema: public; Owner: -
--

ALTER TABLE public.auth_group ALTER COLUMN id ADD GENERATED BY DEFAULT AS IDENTITY (
    SEQUENCE NAME public.auth_group_id_seq
    START WITH 1
    INCREMENT BY 1
    NO MINVALUE
    NO MAXVALUE
    CACHE 1
);


--
-- Name: auth_group_permissions; Type: TABLE; Schema: public; Owner: -
--

CREATE TABLE public.auth_group_permissions (
    id bigint NOT NULL,
    group_id integer NOT NULL,
    permission_id integer NOT NULL
);


--
-- Name: auth_group_permissions_id_seq; Type: SEQUENCE; Schema: public; Owner: -
--

ALTER TABLE public.auth_group_permissions ALTER COLUMN id ADD GENERATED BY DEFAULT AS IDENTITY (
    SEQUENCE NAME public.auth_group_permissions_id_seq
    START WITH 1
    INCREMENT BY 1
    NO MINVALUE
    NO MAXVALUE
    CACHE 1
);


--
-- Name: auth_permission; Type: TABLE; Schema: public; Owner: -
--

CREATE TABLE public.auth_permission (
    id integer NOT NULL,
    name character varying(255) NOT NULL,
    content_type_id integer NOT NULL,
    codename character varying(100) NOT NULL
);


--
-- Name: auth_permission_id_seq; Type: SEQUENCE; Schema: public; Owner: -
--

ALTER TABLE public.auth_permission ALTER COLUMN id ADD GENERATED BY DEFAULT AS IDENTITY (
    SEQUENCE NAME public.auth_permission_id_seq
    START WITH 1
    INCREMENT BY 1
    NO MINVALUE
    NO MAXVALUE
    CACHE 1
);


--
-- Name: availability_slots; Type: TABLE; Schema: public; Owner: -
--

CREATE TABLE public.availability_slots (
    id uuid NOT NULL,
    created_at timestamp with time zone NOT NULL,
    updated_at timestamp with time zone NOT NULL,
    deleted_at timestamp with time zone,
    day_of_week character varying(10) NOT NULL,
    start_time time without time zone NOT NULL,
    end_time time without time zone NOT NULL,
    profile_id uuid NOT NULL
);


--
-- Name: conversation_members; Type: TABLE; Schema: public; Owner: -
--

CREATE TABLE public.conversation_members (
    id uuid NOT NULL,
    joined_at timestamp with time zone NOT NULL,
    conversation_id uuid NOT NULL,
    user_id uuid NOT NULL
);


--
-- Name: conversations; Type: TABLE; Schema: public; Owner: -
--

CREATE TABLE public.conversations (
    id uuid NOT NULL,
    created_at timestamp with time zone NOT NULL,
    updated_at timestamp with time zone NOT NULL,
    deleted_at timestamp with time zone
);


--
-- Name: django_admin_log; Type: TABLE; Schema: public; Owner: -
--

CREATE TABLE public.django_admin_log (
    id integer NOT NULL,
    action_time timestamp with time zone NOT NULL,
    object_id text,
    object_repr character varying(200) NOT NULL,
    action_flag smallint NOT NULL,
    change_message text NOT NULL,
    content_type_id integer,
    user_id uuid NOT NULL,
    CONSTRAINT django_admin_log_action_flag_check CHECK ((action_flag >= 0))
);


--
-- Name: django_admin_log_id_seq; Type: SEQUENCE; Schema: public; Owner: -
--

ALTER TABLE public.django_admin_log ALTER COLUMN id ADD GENERATED BY DEFAULT AS IDENTITY (
    SEQUENCE NAME public.django_admin_log_id_seq
    START WITH 1
    INCREMENT BY 1
    NO MINVALUE
    NO MAXVALUE
    CACHE 1
);


--
-- Name: django_content_type; Type: TABLE; Schema: public; Owner: -
--

CREATE TABLE public.django_content_type (
    id integer NOT NULL,
    app_label character varying(100) NOT NULL,
    model character varying(100) NOT NULL
);


--
-- Name: django_content_type_id_seq; Type: SEQUENCE; Schema: public; Owner: -
--

ALTER TABLE public.django_content_type ALTER COLUMN id ADD GENERATED BY DEFAULT AS IDENTITY (
    SEQUENCE NAME public.django_content_type_id_seq
    START WITH 1
    INCREMENT BY 1
    NO MINVALUE
    NO MAXVALUE
    CACHE 1
);


--
-- Name: django_migrations; Type: TABLE; Schema: public; Owner: -
--

CREATE TABLE public.django_migrations (
    id bigint NOT NULL,
    app character varying(255) NOT NULL,
    name character varying(255) NOT NULL,
    applied timestamp with time zone NOT NULL
);


--
-- Name: django_migrations_id_seq; Type: SEQUENCE; Schema: public; Owner: -
--

ALTER TABLE public.django_migrations ALTER COLUMN id ADD GENERATED BY DEFAULT AS IDENTITY (
    SEQUENCE NAME public.django_migrations_id_seq
    START WITH 1
    INCREMENT BY 1
    NO MINVALUE
    NO MAXVALUE
    CACHE 1
);


--
-- Name: django_session; Type: TABLE; Schema: public; Owner: -
--

CREATE TABLE public.django_session (
    session_key character varying(40) NOT NULL,
    session_data text NOT NULL,
    expire_date timestamp with time zone NOT NULL
);


--
-- Name: matches; Type: TABLE; Schema: public; Owner: -
--

CREATE TABLE public.matches (
    id uuid NOT NULL,
    created_at timestamp with time zone NOT NULL,
    updated_at timestamp with time zone NOT NULL,
    deleted_at timestamp with time zone,
    compatibility_score double precision NOT NULL,
    status character varying(10) NOT NULL,
    matched_at timestamp with time zone NOT NULL,
    mentee_id uuid NOT NULL,
    mentor_id uuid NOT NULL,
    offer_id uuid,
    request_id uuid
);


--
-- Name: mentorship_posts; Type: TABLE; Schema: public; Owner: -
--

CREATE TABLE public.mentorship_posts (
    id uuid NOT NULL,
    created_at timestamp with time zone NOT NULL,
    updated_at timestamp with time zone NOT NULL,
    deleted_at timestamp with time zone,
    type character varying(10) NOT NULL,
    subject character varying(255) NOT NULL,
    description text,
    format character varying(10) NOT NULL,
    status character varying(10) NOT NULL,
    creator_id uuid NOT NULL
);


--
-- Name: messages; Type: TABLE; Schema: public; Owner: -
--

CREATE TABLE public.messages (
    id uuid NOT NULL,
    created_at timestamp with time zone NOT NULL,
    updated_at timestamp with time zone NOT NULL,
    deleted_at timestamp with time zone,
    content text NOT NULL,
    read_at timestamp with time zone,
    conversation_id uuid NOT NULL,
    sender_id uuid NOT NULL
);


--
-- Name: notifications; Type: TABLE; Schema: public; Owner: -
--

CREATE TABLE public.notifications (
    id uuid NOT NULL,
    created_at timestamp with time zone NOT NULL,
    updated_at timestamp with time zone NOT NULL,
    deleted_at timestamp with time zone,
    type character varying(30) NOT NULL,
    title character varying(255) NOT NULL,
    content text NOT NULL,
    is_read boolean NOT NULL,
    metadata jsonb,
    user_id uuid NOT NULL
);


--
-- Name: profiles; Type: TABLE; Schema: public; Owner: -
--

CREATE TABLE public.profiles (
    id uuid NOT NULL,
    created_at timestamp with time zone NOT NULL,
    updated_at timestamp with time zone NOT NULL,
    deleted_at timestamp with time zone,
    profile_photo character varying(100),
    department character varying(255),
    academic_level character varying(100),
    bio text,
    user_id uuid NOT NULL
);


--
-- Name: reviews; Type: TABLE; Schema: public; Owner: -
--

CREATE TABLE public.reviews (
    id uuid NOT NULL,
    created_at timestamp with time zone NOT NULL,
    updated_at timestamp with time zone NOT NULL,
    deleted_at timestamp with time zone,
    rating integer NOT NULL,
    content text,
    session_type character varying(50),
    match_id uuid,
    reviewed_id uuid NOT NULL,
    reviewer_id uuid NOT NULL
);


--
-- Name: skills; Type: TABLE; Schema: public; Owner: -
--

CREATE TABLE public.skills (
    id uuid NOT NULL,
    name character varying(255) NOT NULL
);


--
-- Name: token_blacklist_blacklistedtoken; Type: TABLE; Schema: public; Owner: -
--

CREATE TABLE public.token_blacklist_blacklistedtoken (
    id bigint NOT NULL,
    blacklisted_at timestamp with time zone NOT NULL,
    token_id bigint NOT NULL
);


--
-- Name: token_blacklist_blacklistedtoken_id_seq; Type: SEQUENCE; Schema: public; Owner: -
--

ALTER TABLE public.token_blacklist_blacklistedtoken ALTER COLUMN id ADD GENERATED BY DEFAULT AS IDENTITY (
    SEQUENCE NAME public.token_blacklist_blacklistedtoken_id_seq
    START WITH 1
    INCREMENT BY 1
    NO MINVALUE
    NO MAXVALUE
    CACHE 1
);


--
-- Name: token_blacklist_outstandingtoken; Type: TABLE; Schema: public; Owner: -
--

CREATE TABLE public.token_blacklist_outstandingtoken (
    id bigint NOT NULL,
    token text NOT NULL,
    created_at timestamp with time zone,
    expires_at timestamp with time zone NOT NULL,
    user_id uuid,
    jti character varying(255) NOT NULL
);


--
-- Name: token_blacklist_outstandingtoken_id_seq; Type: SEQUENCE; Schema: public; Owner: -
--

ALTER TABLE public.token_blacklist_outstandingtoken ALTER COLUMN id ADD GENERATED BY DEFAULT AS IDENTITY (
    SEQUENCE NAME public.token_blacklist_outstandingtoken_id_seq
    START WITH 1
    INCREMENT BY 1
    NO MINVALUE
    NO MAXVALUE
    CACHE 1
);


--
-- Name: user_skills; Type: TABLE; Schema: public; Owner: -
--

CREATE TABLE public.user_skills (
    id uuid NOT NULL,
    created_at timestamp with time zone NOT NULL,
    updated_at timestamp with time zone NOT NULL,
    deleted_at timestamp with time zone,
    type character varying(10) NOT NULL,
    profile_id uuid NOT NULL,
    skill_id uuid NOT NULL
);


--
-- Name: users; Type: TABLE; Schema: public; Owner: -
--

CREATE TABLE public.users (
    password character varying(128) NOT NULL,
    last_login timestamp with time zone,
    is_superuser boolean NOT NULL,
    first_name character varying(150) NOT NULL,
    last_name character varying(150) NOT NULL,
    is_staff boolean NOT NULL,
    is_active boolean NOT NULL,
    date_joined timestamp with time zone NOT NULL,
    id uuid NOT NULL,
    email character varying(254) NOT NULL,
    phone character varying(20),
    is_verified boolean NOT NULL,
    created_at timestamp with time zone NOT NULL,
    updated_at timestamp with time zone NOT NULL
);


--
-- Name: users_groups; Type: TABLE; Schema: public; Owner: -
--

CREATE TABLE public.users_groups (
    id bigint NOT NULL,
    user_id uuid NOT NULL,
    group_id integer NOT NULL
);


--
-- Name: users_groups_id_seq; Type: SEQUENCE; Schema: public; Owner: -
--

ALTER TABLE public.users_groups ALTER COLUMN id ADD GENERATED BY DEFAULT AS IDENTITY (
    SEQUENCE NAME public.users_groups_id_seq
    START WITH 1
    INCREMENT BY 1
    NO MINVALUE
    NO MAXVALUE
    CACHE 1
);


--
-- Name: users_user_permissions; Type: TABLE; Schema: public; Owner: -
--

CREATE TABLE public.users_user_permissions (
    id bigint NOT NULL,
    user_id uuid NOT NULL,
    permission_id integer NOT NULL
);


--
-- Name: users_user_permissions_id_seq; Type: SEQUENCE; Schema: public; Owner: -
--

ALTER TABLE public.users_user_permissions ALTER COLUMN id ADD GENERATED BY DEFAULT AS IDENTITY (
    SEQUENCE NAME public.users_user_permissions_id_seq
    START WITH 1
    INCREMENT BY 1
    NO MINVALUE
    NO MAXVALUE
    CACHE 1
);


--
-- Name: verification_documents; Type: TABLE; Schema: public; Owner: -
--

CREATE TABLE public.verification_documents (
    id uuid NOT NULL,
    file character varying(100) NOT NULL,
    status character varying(10) NOT NULL,
    rejection_reason text,
    reviewed_by_id uuid,
    created_at timestamp with time zone NOT NULL,
    updated_at timestamp with time zone NOT NULL,
    user_id uuid NOT NULL
);


--
-- Name: auth_group auth_group_name_key; Type: CONSTRAINT; Schema: public; Owner: -
--

ALTER TABLE ONLY public.auth_group
    ADD CONSTRAINT auth_group_name_key UNIQUE (name);


--
-- Name: auth_group_permissions auth_group_permissions_group_id_permission_id_0cd325b0_uniq; Type: CONSTRAINT; Schema: public; Owner: -
--

ALTER TABLE ONLY public.auth_group_permissions
    ADD CONSTRAINT auth_group_permissions_group_id_permission_id_0cd325b0_uniq UNIQUE (group_id, permission_id);


--
-- Name: auth_group_permissions auth_group_permissions_pkey; Type: CONSTRAINT; Schema: public; Owner: -
--

ALTER TABLE ONLY public.auth_group_permissions
    ADD CONSTRAINT auth_group_permissions_pkey PRIMARY KEY (id);


--
-- Name: auth_group auth_group_pkey; Type: CONSTRAINT; Schema: public; Owner: -
--

ALTER TABLE ONLY public.auth_group
    ADD CONSTRAINT auth_group_pkey PRIMARY KEY (id);


--
-- Name: auth_permission auth_permission_content_type_id_codename_01ab375a_uniq; Type: CONSTRAINT; Schema: public; Owner: -
--

ALTER TABLE ONLY public.auth_permission
    ADD CONSTRAINT auth_permission_content_type_id_codename_01ab375a_uniq UNIQUE (content_type_id, codename);


--
-- Name: auth_permission auth_permission_pkey; Type: CONSTRAINT; Schema: public; Owner: -
--

ALTER TABLE ONLY public.auth_permission
    ADD CONSTRAINT auth_permission_pkey PRIMARY KEY (id);


--
-- Name: availability_slots availability_slots_pkey; Type: CONSTRAINT; Schema: public; Owner: -
--

ALTER TABLE ONLY public.availability_slots
    ADD CONSTRAINT availability_slots_pkey PRIMARY KEY (id);


--
-- Name: conversation_members conversation_members_conversation_id_user_id_f14fcbc6_uniq; Type: CONSTRAINT; Schema: public; Owner: -
--

ALTER TABLE ONLY public.conversation_members
    ADD CONSTRAINT conversation_members_conversation_id_user_id_f14fcbc6_uniq UNIQUE (conversation_id, user_id);


--
-- Name: conversation_members conversation_members_pkey; Type: CONSTRAINT; Schema: public; Owner: -
--

ALTER TABLE ONLY public.conversation_members
    ADD CONSTRAINT conversation_members_pkey PRIMARY KEY (id);


--
-- Name: conversations conversations_pkey; Type: CONSTRAINT; Schema: public; Owner: -
--

ALTER TABLE ONLY public.conversations
    ADD CONSTRAINT conversations_pkey PRIMARY KEY (id);


--
-- Name: django_admin_log django_admin_log_pkey; Type: CONSTRAINT; Schema: public; Owner: -
--

ALTER TABLE ONLY public.django_admin_log
    ADD CONSTRAINT django_admin_log_pkey PRIMARY KEY (id);


--
-- Name: django_content_type django_content_type_app_label_model_76bd3d3b_uniq; Type: CONSTRAINT; Schema: public; Owner: -
--

ALTER TABLE ONLY public.django_content_type
    ADD CONSTRAINT django_content_type_app_label_model_76bd3d3b_uniq UNIQUE (app_label, model);


--
-- Name: django_content_type django_content_type_pkey; Type: CONSTRAINT; Schema: public; Owner: -
--

ALTER TABLE ONLY public.django_content_type
    ADD CONSTRAINT django_content_type_pkey PRIMARY KEY (id);


--
-- Name: django_migrations django_migrations_pkey; Type: CONSTRAINT; Schema: public; Owner: -
--

ALTER TABLE ONLY public.django_migrations
    ADD CONSTRAINT django_migrations_pkey PRIMARY KEY (id);


--
-- Name: django_session django_session_pkey; Type: CONSTRAINT; Schema: public; Owner: -
--

ALTER TABLE ONLY public.django_session
    ADD CONSTRAINT django_session_pkey PRIMARY KEY (session_key);


--
-- Name: matches matches_pkey; Type: CONSTRAINT; Schema: public; Owner: -
--

ALTER TABLE ONLY public.matches
    ADD CONSTRAINT matches_pkey PRIMARY KEY (id);


--
-- Name: mentorship_posts mentorship_posts_pkey; Type: CONSTRAINT; Schema: public; Owner: -
--

ALTER TABLE ONLY public.mentorship_posts
    ADD CONSTRAINT mentorship_posts_pkey PRIMARY KEY (id);


--
-- Name: messages messages_pkey; Type: CONSTRAINT; Schema: public; Owner: -
--

ALTER TABLE ONLY public.messages
    ADD CONSTRAINT messages_pkey PRIMARY KEY (id);


--
-- Name: notifications notifications_pkey; Type: CONSTRAINT; Schema: public; Owner: -
--

ALTER TABLE ONLY public.notifications
    ADD CONSTRAINT notifications_pkey PRIMARY KEY (id);


--
-- Name: profiles profiles_pkey; Type: CONSTRAINT; Schema: public; Owner: -
--

ALTER TABLE ONLY public.profiles
    ADD CONSTRAINT profiles_pkey PRIMARY KEY (id);


--
-- Name: profiles profiles_user_id_key; Type: CONSTRAINT; Schema: public; Owner: -
--

ALTER TABLE ONLY public.profiles
    ADD CONSTRAINT profiles_user_id_key UNIQUE (user_id);


--
-- Name: reviews reviews_pkey; Type: CONSTRAINT; Schema: public; Owner: -
--

ALTER TABLE ONLY public.reviews
    ADD CONSTRAINT reviews_pkey PRIMARY KEY (id);


--
-- Name: skills skills_name_key; Type: CONSTRAINT; Schema: public; Owner: -
--

ALTER TABLE ONLY public.skills
    ADD CONSTRAINT skills_name_key UNIQUE (name);


--
-- Name: skills skills_pkey; Type: CONSTRAINT; Schema: public; Owner: -
--

ALTER TABLE ONLY public.skills
    ADD CONSTRAINT skills_pkey PRIMARY KEY (id);


--
-- Name: token_blacklist_blacklistedtoken token_blacklist_blacklistedtoken_pkey; Type: CONSTRAINT; Schema: public; Owner: -
--

ALTER TABLE ONLY public.token_blacklist_blacklistedtoken
    ADD CONSTRAINT token_blacklist_blacklistedtoken_pkey PRIMARY KEY (id);


--
-- Name: token_blacklist_blacklistedtoken token_blacklist_blacklistedtoken_token_id_key; Type: CONSTRAINT; Schema: public; Owner: -
--

ALTER TABLE ONLY public.token_blacklist_blacklistedtoken
    ADD CONSTRAINT token_blacklist_blacklistedtoken_token_id_key UNIQUE (token_id);


--
-- Name: token_blacklist_outstandingtoken token_blacklist_outstandingtoken_jti_hex_d9bdf6f7_uniq; Type: CONSTRAINT; Schema: public; Owner: -
--

ALTER TABLE ONLY public.token_blacklist_outstandingtoken
    ADD CONSTRAINT token_blacklist_outstandingtoken_jti_hex_d9bdf6f7_uniq UNIQUE (jti);


--
-- Name: token_blacklist_outstandingtoken token_blacklist_outstandingtoken_pkey; Type: CONSTRAINT; Schema: public; Owner: -
--

ALTER TABLE ONLY public.token_blacklist_outstandingtoken
    ADD CONSTRAINT token_blacklist_outstandingtoken_pkey PRIMARY KEY (id);


--
-- Name: user_skills user_skills_pkey; Type: CONSTRAINT; Schema: public; Owner: -
--

ALTER TABLE ONLY public.user_skills
    ADD CONSTRAINT user_skills_pkey PRIMARY KEY (id);


--
-- Name: user_skills user_skills_profile_id_skill_id_632d0408_uniq; Type: CONSTRAINT; Schema: public; Owner: -
--

ALTER TABLE ONLY public.user_skills
    ADD CONSTRAINT user_skills_profile_id_skill_id_632d0408_uniq UNIQUE (profile_id, skill_id);


--
-- Name: users users_email_key; Type: CONSTRAINT; Schema: public; Owner: -
--

ALTER TABLE ONLY public.users
    ADD CONSTRAINT users_email_key UNIQUE (email);


--
-- Name: users_groups users_groups_pkey; Type: CONSTRAINT; Schema: public; Owner: -
--

ALTER TABLE ONLY public.users_groups
    ADD CONSTRAINT users_groups_pkey PRIMARY KEY (id);


--
-- Name: users_groups users_groups_user_id_group_id_fc7788e8_uniq; Type: CONSTRAINT; Schema: public; Owner: -
--

ALTER TABLE ONLY public.users_groups
    ADD CONSTRAINT users_groups_user_id_group_id_fc7788e8_uniq UNIQUE (user_id, group_id);


--
-- Name: users users_phone_key; Type: CONSTRAINT; Schema: public; Owner: -
--

ALTER TABLE ONLY public.users
    ADD CONSTRAINT users_phone_key UNIQUE (phone);


--
-- Name: users users_pkey; Type: CONSTRAINT; Schema: public; Owner: -
--

ALTER TABLE ONLY public.users
    ADD CONSTRAINT users_pkey PRIMARY KEY (id);


--
-- Name: users_user_permissions users_user_permissions_pkey; Type: CONSTRAINT; Schema: public; Owner: -
--

ALTER TABLE ONLY public.users_user_permissions
    ADD CONSTRAINT users_user_permissions_pkey PRIMARY KEY (id);


--
-- Name: users_user_permissions users_user_permissions_user_id_permission_id_3b86cbdf_uniq; Type: CONSTRAINT; Schema: public; Owner: -
--

ALTER TABLE ONLY public.users_user_permissions
    ADD CONSTRAINT users_user_permissions_user_id_permission_id_3b86cbdf_uniq UNIQUE (user_id, permission_id);


--
-- Name: verification_documents verification_documents_pkey; Type: CONSTRAINT; Schema: public; Owner: -
--

ALTER TABLE ONLY public.verification_documents
    ADD CONSTRAINT verification_documents_pkey PRIMARY KEY (id);


--
-- Name: verification_documents verification_documents_user_id_key; Type: CONSTRAINT; Schema: public; Owner: -
--

ALTER TABLE ONLY public.verification_documents
    ADD CONSTRAINT verification_documents_user_id_key UNIQUE (user_id);


--
-- Name: auth_group_name_a6ea08ec_like; Type: INDEX; Schema: public; Owner: -
--

CREATE INDEX auth_group_name_a6ea08ec_like ON public.auth_group USING btree (name varchar_pattern_ops);


--
-- Name: auth_group_permissions_group_id_b120cbf9; Type: INDEX; Schema: public; Owner: -
--

CREATE INDEX auth_group_permissions_group_id_b120cbf9 ON public.auth_group_permissions USING btree (group_id);


--
-- Name: auth_group_permissions_permission_id_84c5c92e; Type: INDEX; Schema: public; Owner: -
--

CREATE INDEX auth_group_permissions_permission_id_84c5c92e ON public.auth_group_permissions USING btree (permission_id);


--
-- Name: auth_permission_content_type_id_2f476e4b; Type: INDEX; Schema: public; Owner: -
--

CREATE INDEX auth_permission_content_type_id_2f476e4b ON public.auth_permission USING btree (content_type_id);


--
-- Name: availability_slots_profile_id_0c5edf97; Type: INDEX; Schema: public; Owner: -
--

CREATE INDEX availability_slots_profile_id_0c5edf97 ON public.availability_slots USING btree (profile_id);


--
-- Name: conversation_members_conversation_id_570068ad; Type: INDEX; Schema: public; Owner: -
--

CREATE INDEX conversation_members_conversation_id_570068ad ON public.conversation_members USING btree (conversation_id);


--
-- Name: conversation_members_user_id_3bfe90c8; Type: INDEX; Schema: public; Owner: -
--

CREATE INDEX conversation_members_user_id_3bfe90c8 ON public.conversation_members USING btree (user_id);


--
-- Name: django_admin_log_content_type_id_c4bce8eb; Type: INDEX; Schema: public; Owner: -
--

CREATE INDEX django_admin_log_content_type_id_c4bce8eb ON public.django_admin_log USING btree (content_type_id);


--
-- Name: django_admin_log_user_id_c564eba6; Type: INDEX; Schema: public; Owner: -
--

CREATE INDEX django_admin_log_user_id_c564eba6 ON public.django_admin_log USING btree (user_id);


--
-- Name: django_session_expire_date_a5c62663; Type: INDEX; Schema: public; Owner: -
--

CREATE INDEX django_session_expire_date_a5c62663 ON public.django_session USING btree (expire_date);


--
-- Name: django_session_session_key_c0390e0f_like; Type: INDEX; Schema: public; Owner: -
--

CREATE INDEX django_session_session_key_c0390e0f_like ON public.django_session USING btree (session_key varchar_pattern_ops);


--
-- Name: matches_compati_0bce3a_idx; Type: INDEX; Schema: public; Owner: -
--

CREATE INDEX matches_compati_0bce3a_idx ON public.matches USING btree (compatibility_score);


--
-- Name: matches_mentee__3d25ef_idx; Type: INDEX; Schema: public; Owner: -
--

CREATE INDEX matches_mentee__3d25ef_idx ON public.matches USING btree (mentee_id, status);


--
-- Name: matches_mentee_id_d1f950e2; Type: INDEX; Schema: public; Owner: -
--

CREATE INDEX matches_mentee_id_d1f950e2 ON public.matches USING btree (mentee_id);


--
-- Name: matches_mentor__fb198d_idx; Type: INDEX; Schema: public; Owner: -
--

CREATE INDEX matches_mentor__fb198d_idx ON public.matches USING btree (mentor_id, status);


--
-- Name: matches_mentor_id_59b76bab; Type: INDEX; Schema: public; Owner: -
--

CREATE INDEX matches_mentor_id_59b76bab ON public.matches USING btree (mentor_id);


--
-- Name: matches_offer_id_91e0d674; Type: INDEX; Schema: public; Owner: -
--

CREATE INDEX matches_offer_id_91e0d674 ON public.matches USING btree (offer_id);


--
-- Name: matches_request_id_b2653ba8; Type: INDEX; Schema: public; Owner: -
--

CREATE INDEX matches_request_id_b2653ba8 ON public.matches USING btree (request_id);


--
-- Name: matches_status_639056_idx; Type: INDEX; Schema: public; Owner: -
--

CREATE INDEX matches_status_639056_idx ON public.matches USING btree (status);


--
-- Name: mentorship__created_280abb_idx; Type: INDEX; Schema: public; Owner: -
--

CREATE INDEX mentorship__created_280abb_idx ON public.mentorship_posts USING btree (created_at);


--
-- Name: mentorship__creator_6feaca_idx; Type: INDEX; Schema: public; Owner: -
--

CREATE INDEX mentorship__creator_6feaca_idx ON public.mentorship_posts USING btree (creator_id, status);


--
-- Name: mentorship__subject_4b0ea6_idx; Type: INDEX; Schema: public; Owner: -
--

CREATE INDEX mentorship__subject_4b0ea6_idx ON public.mentorship_posts USING btree (subject);


--
-- Name: mentorship__type_2b976d_idx; Type: INDEX; Schema: public; Owner: -
--

CREATE INDEX mentorship__type_2b976d_idx ON public.mentorship_posts USING btree (type, status);


--
-- Name: mentorship_posts_creator_id_6ae72afe; Type: INDEX; Schema: public; Owner: -
--

CREATE INDEX mentorship_posts_creator_id_6ae72afe ON public.mentorship_posts USING btree (creator_id);


--
-- Name: messages_convers_3ebb41_idx; Type: INDEX; Schema: public; Owner: -
--

CREATE INDEX messages_convers_3ebb41_idx ON public.messages USING btree (conversation_id, created_at);


--
-- Name: messages_conversation_id_5ef638db; Type: INDEX; Schema: public; Owner: -
--

CREATE INDEX messages_conversation_id_5ef638db ON public.messages USING btree (conversation_id);


--
-- Name: messages_sender__6ae55a_idx; Type: INDEX; Schema: public; Owner: -
--

CREATE INDEX messages_sender__6ae55a_idx ON public.messages USING btree (sender_id);


--
-- Name: messages_sender_id_dc5a0bbd; Type: INDEX; Schema: public; Owner: -
--

CREATE INDEX messages_sender_id_dc5a0bbd ON public.messages USING btree (sender_id);


--
-- Name: notificatio_created_e4c995_idx; Type: INDEX; Schema: public; Owner: -
--

CREATE INDEX notificatio_created_e4c995_idx ON public.notifications USING btree (created_at);


--
-- Name: notificatio_user_id_a4dd5c_idx; Type: INDEX; Schema: public; Owner: -
--

CREATE INDEX notificatio_user_id_a4dd5c_idx ON public.notifications USING btree (user_id, is_read);


--
-- Name: notifications_user_id_468e288d; Type: INDEX; Schema: public; Owner: -
--

CREATE INDEX notifications_user_id_468e288d ON public.notifications USING btree (user_id);


--
-- Name: profiles_academi_e4a1e1_idx; Type: INDEX; Schema: public; Owner: -
--

CREATE INDEX profiles_academi_e4a1e1_idx ON public.profiles USING btree (academic_level);


--
-- Name: profiles_departm_ffdbbc_idx; Type: INDEX; Schema: public; Owner: -
--

CREATE INDEX profiles_departm_ffdbbc_idx ON public.profiles USING btree (department);


--
-- Name: reviews_match_id_df422061; Type: INDEX; Schema: public; Owner: -
--

CREATE INDEX reviews_match_id_df422061 ON public.reviews USING btree (match_id);


--
-- Name: reviews_rating_17e8a4_idx; Type: INDEX; Schema: public; Owner: -
--

CREATE INDEX reviews_rating_17e8a4_idx ON public.reviews USING btree (rating);


--
-- Name: reviews_reviewe_965d53_idx; Type: INDEX; Schema: public; Owner: -
--

CREATE INDEX reviews_reviewe_965d53_idx ON public.reviews USING btree (reviewer_id);


--
-- Name: reviews_reviewe_fe0fd6_idx; Type: INDEX; Schema: public; Owner: -
--

CREATE INDEX reviews_reviewe_fe0fd6_idx ON public.reviews USING btree (reviewed_id);


--
-- Name: reviews_reviewed_id_26ab5b38; Type: INDEX; Schema: public; Owner: -
--

CREATE INDEX reviews_reviewed_id_26ab5b38 ON public.reviews USING btree (reviewed_id);


--
-- Name: reviews_reviewer_id_dbb954a8; Type: INDEX; Schema: public; Owner: -
--

CREATE INDEX reviews_reviewer_id_dbb954a8 ON public.reviews USING btree (reviewer_id);


--
-- Name: skills_name_3120df3a_like; Type: INDEX; Schema: public; Owner: -
--

CREATE INDEX skills_name_3120df3a_like ON public.skills USING btree (name varchar_pattern_ops);


--
-- Name: token_blacklist_outstandingtoken_jti_hex_d9bdf6f7_like; Type: INDEX; Schema: public; Owner: -
--

CREATE INDEX token_blacklist_outstandingtoken_jti_hex_d9bdf6f7_like ON public.token_blacklist_outstandingtoken USING btree (jti varchar_pattern_ops);


--
-- Name: token_blacklist_outstandingtoken_user_id_83bc629a; Type: INDEX; Schema: public; Owner: -
--

CREATE INDEX token_blacklist_outstandingtoken_user_id_83bc629a ON public.token_blacklist_outstandingtoken USING btree (user_id);


--
-- Name: user_skills_profile_id_4ff2a56e; Type: INDEX; Schema: public; Owner: -
--

CREATE INDEX user_skills_profile_id_4ff2a56e ON public.user_skills USING btree (profile_id);


--
-- Name: user_skills_skill_id_1a55c9b3; Type: INDEX; Schema: public; Owner: -
--

CREATE INDEX user_skills_skill_id_1a55c9b3 ON public.user_skills USING btree (skill_id);


--
-- Name: users_created_6541e9_idx; Type: INDEX; Schema: public; Owner: -
--

CREATE INDEX users_created_6541e9_idx ON public.users USING btree (created_at);


--
-- Name: users_email_0ea73cca_like; Type: INDEX; Schema: public; Owner: -
--

CREATE INDEX users_email_0ea73cca_like ON public.users USING btree (email varchar_pattern_ops);


--
-- Name: users_email_4b85f2_idx; Type: INDEX; Schema: public; Owner: -
--

CREATE INDEX users_email_4b85f2_idx ON public.users USING btree (email);


--
-- Name: users_groups_group_id_2f3517aa; Type: INDEX; Schema: public; Owner: -
--

CREATE INDEX users_groups_group_id_2f3517aa ON public.users_groups USING btree (group_id);


--
-- Name: users_groups_user_id_f500bee5; Type: INDEX; Schema: public; Owner: -
--

CREATE INDEX users_groups_user_id_f500bee5 ON public.users_groups USING btree (user_id);


--
-- Name: users_is_acti_847b48_idx; Type: INDEX; Schema: public; Owner: -
--

CREATE INDEX users_is_acti_847b48_idx ON public.users USING btree (is_active);


--
-- Name: users_phone_2b77170a_like; Type: INDEX; Schema: public; Owner: -
--

CREATE INDEX users_phone_2b77170a_like ON public.users USING btree (phone varchar_pattern_ops);


--
-- Name: users_phone_af6883_idx; Type: INDEX; Schema: public; Owner: -
--

CREATE INDEX users_phone_af6883_idx ON public.users USING btree (phone);


--
-- Name: users_user_permissions_permission_id_6d08dcd2; Type: INDEX; Schema: public; Owner: -
--

CREATE INDEX users_user_permissions_permission_id_6d08dcd2 ON public.users_user_permissions USING btree (permission_id);


--
-- Name: users_user_permissions_user_id_92473840; Type: INDEX; Schema: public; Owner: -
--

CREATE INDEX users_user_permissions_user_id_92473840 ON public.users_user_permissions USING btree (user_id);


--
-- Name: verificatio_status_a43286_idx; Type: INDEX; Schema: public; Owner: -
--

CREATE INDEX verificatio_status_a43286_idx ON public.verification_documents USING btree (status);


--
-- Name: verificatio_user_id_d15fbf_idx; Type: INDEX; Schema: public; Owner: -
--

CREATE INDEX verificatio_user_id_d15fbf_idx ON public.verification_documents USING btree (user_id, status);


--
-- Name: verification_documents_reviewed_by_id_67481493; Type: INDEX; Schema: public; Owner: -
--

CREATE INDEX verification_documents_reviewed_by_id_67481493 ON public.verification_documents USING btree (reviewed_by_id);


--
-- Name: auth_group_permissions auth_group_permissio_permission_id_84c5c92e_fk_auth_perm; Type: FK CONSTRAINT; Schema: public; Owner: -
--

ALTER TABLE ONLY public.auth_group_permissions
    ADD CONSTRAINT auth_group_permissio_permission_id_84c5c92e_fk_auth_perm FOREIGN KEY (permission_id) REFERENCES public.auth_permission(id) DEFERRABLE INITIALLY DEFERRED;


--
-- Name: auth_group_permissions auth_group_permissions_group_id_b120cbf9_fk_auth_group_id; Type: FK CONSTRAINT; Schema: public; Owner: -
--

ALTER TABLE ONLY public.auth_group_permissions
    ADD CONSTRAINT auth_group_permissions_group_id_b120cbf9_fk_auth_group_id FOREIGN KEY (group_id) REFERENCES public.auth_group(id) DEFERRABLE INITIALLY DEFERRED;


--
-- Name: auth_permission auth_permission_content_type_id_2f476e4b_fk_django_co; Type: FK CONSTRAINT; Schema: public; Owner: -
--

ALTER TABLE ONLY public.auth_permission
    ADD CONSTRAINT auth_permission_content_type_id_2f476e4b_fk_django_co FOREIGN KEY (content_type_id) REFERENCES public.django_content_type(id) DEFERRABLE INITIALLY DEFERRED;


--
-- Name: availability_slots availability_slots_profile_id_0c5edf97_fk_profiles_id; Type: FK CONSTRAINT; Schema: public; Owner: -
--

ALTER TABLE ONLY public.availability_slots
    ADD CONSTRAINT availability_slots_profile_id_0c5edf97_fk_profiles_id FOREIGN KEY (profile_id) REFERENCES public.profiles(id) DEFERRABLE INITIALLY DEFERRED;


--
-- Name: conversation_members conversation_members_conversation_id_570068ad_fk_conversat; Type: FK CONSTRAINT; Schema: public; Owner: -
--

ALTER TABLE ONLY public.conversation_members
    ADD CONSTRAINT conversation_members_conversation_id_570068ad_fk_conversat FOREIGN KEY (conversation_id) REFERENCES public.conversations(id) DEFERRABLE INITIALLY DEFERRED;


--
-- Name: conversation_members conversation_members_user_id_3bfe90c8_fk_users_id; Type: FK CONSTRAINT; Schema: public; Owner: -
--

ALTER TABLE ONLY public.conversation_members
    ADD CONSTRAINT conversation_members_user_id_3bfe90c8_fk_users_id FOREIGN KEY (user_id) REFERENCES public.users(id) DEFERRABLE INITIALLY DEFERRED;


--
-- Name: django_admin_log django_admin_log_content_type_id_c4bce8eb_fk_django_co; Type: FK CONSTRAINT; Schema: public; Owner: -
--

ALTER TABLE ONLY public.django_admin_log
    ADD CONSTRAINT django_admin_log_content_type_id_c4bce8eb_fk_django_co FOREIGN KEY (content_type_id) REFERENCES public.django_content_type(id) DEFERRABLE INITIALLY DEFERRED;


--
-- Name: django_admin_log django_admin_log_user_id_c564eba6_fk_users_id; Type: FK CONSTRAINT; Schema: public; Owner: -
--

ALTER TABLE ONLY public.django_admin_log
    ADD CONSTRAINT django_admin_log_user_id_c564eba6_fk_users_id FOREIGN KEY (user_id) REFERENCES public.users(id) DEFERRABLE INITIALLY DEFERRED;


--
-- Name: matches matches_mentee_id_d1f950e2_fk_users_id; Type: FK CONSTRAINT; Schema: public; Owner: -
--

ALTER TABLE ONLY public.matches
    ADD CONSTRAINT matches_mentee_id_d1f950e2_fk_users_id FOREIGN KEY (mentee_id) REFERENCES public.users(id) DEFERRABLE INITIALLY DEFERRED;


--
-- Name: matches matches_mentor_id_59b76bab_fk_users_id; Type: FK CONSTRAINT; Schema: public; Owner: -
--

ALTER TABLE ONLY public.matches
    ADD CONSTRAINT matches_mentor_id_59b76bab_fk_users_id FOREIGN KEY (mentor_id) REFERENCES public.users(id) DEFERRABLE INITIALLY DEFERRED;


--
-- Name: matches matches_offer_id_91e0d674_fk_mentorship_posts_id; Type: FK CONSTRAINT; Schema: public; Owner: -
--

ALTER TABLE ONLY public.matches
    ADD CONSTRAINT matches_offer_id_91e0d674_fk_mentorship_posts_id FOREIGN KEY (offer_id) REFERENCES public.mentorship_posts(id) DEFERRABLE INITIALLY DEFERRED;


--
-- Name: matches matches_request_id_b2653ba8_fk_mentorship_posts_id; Type: FK CONSTRAINT; Schema: public; Owner: -
--

ALTER TABLE ONLY public.matches
    ADD CONSTRAINT matches_request_id_b2653ba8_fk_mentorship_posts_id FOREIGN KEY (request_id) REFERENCES public.mentorship_posts(id) DEFERRABLE INITIALLY DEFERRED;


--
-- Name: mentorship_posts mentorship_posts_creator_id_6ae72afe_fk_users_id; Type: FK CONSTRAINT; Schema: public; Owner: -
--

ALTER TABLE ONLY public.mentorship_posts
    ADD CONSTRAINT mentorship_posts_creator_id_6ae72afe_fk_users_id FOREIGN KEY (creator_id) REFERENCES public.users(id) DEFERRABLE INITIALLY DEFERRED;


--
-- Name: messages messages_conversation_id_5ef638db_fk_conversations_id; Type: FK CONSTRAINT; Schema: public; Owner: -
--

ALTER TABLE ONLY public.messages
    ADD CONSTRAINT messages_conversation_id_5ef638db_fk_conversations_id FOREIGN KEY (conversation_id) REFERENCES public.conversations(id) DEFERRABLE INITIALLY DEFERRED;


--
-- Name: messages messages_sender_id_dc5a0bbd_fk_users_id; Type: FK CONSTRAINT; Schema: public; Owner: -
--

ALTER TABLE ONLY public.messages
    ADD CONSTRAINT messages_sender_id_dc5a0bbd_fk_users_id FOREIGN KEY (sender_id) REFERENCES public.users(id) DEFERRABLE INITIALLY DEFERRED;


--
-- Name: notifications notifications_user_id_468e288d_fk_users_id; Type: FK CONSTRAINT; Schema: public; Owner: -
--

ALTER TABLE ONLY public.notifications
    ADD CONSTRAINT notifications_user_id_468e288d_fk_users_id FOREIGN KEY (user_id) REFERENCES public.users(id) DEFERRABLE INITIALLY DEFERRED;


--
-- Name: profiles profiles_user_id_36580373_fk_users_id; Type: FK CONSTRAINT; Schema: public; Owner: -
--

ALTER TABLE ONLY public.profiles
    ADD CONSTRAINT profiles_user_id_36580373_fk_users_id FOREIGN KEY (user_id) REFERENCES public.users(id) DEFERRABLE INITIALLY DEFERRED;


--
-- Name: reviews reviews_match_id_df422061_fk_matches_id; Type: FK CONSTRAINT; Schema: public; Owner: -
--

ALTER TABLE ONLY public.reviews
    ADD CONSTRAINT reviews_match_id_df422061_fk_matches_id FOREIGN KEY (match_id) REFERENCES public.matches(id) DEFERRABLE INITIALLY DEFERRED;


--
-- Name: reviews reviews_reviewed_id_26ab5b38_fk_users_id; Type: FK CONSTRAINT; Schema: public; Owner: -
--

ALTER TABLE ONLY public.reviews
    ADD CONSTRAINT reviews_reviewed_id_26ab5b38_fk_users_id FOREIGN KEY (reviewed_id) REFERENCES public.users(id) DEFERRABLE INITIALLY DEFERRED;


--
-- Name: reviews reviews_reviewer_id_dbb954a8_fk_users_id; Type: FK CONSTRAINT; Schema: public; Owner: -
--

ALTER TABLE ONLY public.reviews
    ADD CONSTRAINT reviews_reviewer_id_dbb954a8_fk_users_id FOREIGN KEY (reviewer_id) REFERENCES public.users(id) DEFERRABLE INITIALLY DEFERRED;


--
-- Name: token_blacklist_blacklistedtoken token_blacklist_blacklistedtoken_token_id_3cc7fe56_fk; Type: FK CONSTRAINT; Schema: public; Owner: -
--

ALTER TABLE ONLY public.token_blacklist_blacklistedtoken
    ADD CONSTRAINT token_blacklist_blacklistedtoken_token_id_3cc7fe56_fk FOREIGN KEY (token_id) REFERENCES public.token_blacklist_outstandingtoken(id) DEFERRABLE INITIALLY DEFERRED;


--
-- Name: token_blacklist_outstandingtoken token_blacklist_outstandingtoken_user_id_83bc629a_fk_users_id; Type: FK CONSTRAINT; Schema: public; Owner: -
--

ALTER TABLE ONLY public.token_blacklist_outstandingtoken
    ADD CONSTRAINT token_blacklist_outstandingtoken_user_id_83bc629a_fk_users_id FOREIGN KEY (user_id) REFERENCES public.users(id) DEFERRABLE INITIALLY DEFERRED;


--
-- Name: user_skills user_skills_profile_id_4ff2a56e_fk_profiles_id; Type: FK CONSTRAINT; Schema: public; Owner: -
--

ALTER TABLE ONLY public.user_skills
    ADD CONSTRAINT user_skills_profile_id_4ff2a56e_fk_profiles_id FOREIGN KEY (profile_id) REFERENCES public.profiles(id) DEFERRABLE INITIALLY DEFERRED;


--
-- Name: user_skills user_skills_skill_id_1a55c9b3_fk_skills_id; Type: FK CONSTRAINT; Schema: public; Owner: -
--

ALTER TABLE ONLY public.user_skills
    ADD CONSTRAINT user_skills_skill_id_1a55c9b3_fk_skills_id FOREIGN KEY (skill_id) REFERENCES public.skills(id) DEFERRABLE INITIALLY DEFERRED;


--
-- Name: users_groups users_groups_group_id_2f3517aa_fk_auth_group_id; Type: FK CONSTRAINT; Schema: public; Owner: -
--

ALTER TABLE ONLY public.users_groups
    ADD CONSTRAINT users_groups_group_id_2f3517aa_fk_auth_group_id FOREIGN KEY (group_id) REFERENCES public.auth_group(id) DEFERRABLE INITIALLY DEFERRED;


--
-- Name: users_groups users_groups_user_id_f500bee5_fk_users_id; Type: FK CONSTRAINT; Schema: public; Owner: -
--

ALTER TABLE ONLY public.users_groups
    ADD CONSTRAINT users_groups_user_id_f500bee5_fk_users_id FOREIGN KEY (user_id) REFERENCES public.users(id) DEFERRABLE INITIALLY DEFERRED;


--
-- Name: users_user_permissions users_user_permissio_permission_id_6d08dcd2_fk_auth_perm; Type: FK CONSTRAINT; Schema: public; Owner: -
--

ALTER TABLE ONLY public.users_user_permissions
    ADD CONSTRAINT users_user_permissio_permission_id_6d08dcd2_fk_auth_perm FOREIGN KEY (permission_id) REFERENCES public.auth_permission(id) DEFERRABLE INITIALLY DEFERRED;


--
-- Name: users_user_permissions users_user_permissions_user_id_92473840_fk_users_id; Type: FK CONSTRAINT; Schema: public; Owner: -
--

ALTER TABLE ONLY public.users_user_permissions
    ADD CONSTRAINT users_user_permissions_user_id_92473840_fk_users_id FOREIGN KEY (user_id) REFERENCES public.users(id) DEFERRABLE INITIALLY DEFERRED;


--
-- Name: verification_documents verification_documents_reviewed_by_id_67481493_fk_users_id; Type: FK CONSTRAINT; Schema: public; Owner: -
--

ALTER TABLE ONLY public.verification_documents
    ADD CONSTRAINT verification_documents_reviewed_by_id_67481493_fk_users_id FOREIGN KEY (reviewed_by_id) REFERENCES public.users(id) DEFERRABLE INITIALLY DEFERRED;


--
-- Name: verification_documents verification_documents_user_id_adcd77e6_fk_users_id; Type: FK CONSTRAINT; Schema: public; Owner: -
--

ALTER TABLE ONLY public.verification_documents
    ADD CONSTRAINT verification_documents_user_id_adcd77e6_fk_users_id FOREIGN KEY (user_id) REFERENCES public.users(id) DEFERRABLE INITIALLY DEFERRED;


--
-- PostgreSQL database dump complete
--

\unrestrict jmYGcuvb2ZEs9xzmlLOFHKXJXJMJ3f2lgkxth3wURhcjAXToqOgYp5ngNigSZiq


--
-- PostgreSQL database dump
--

\restrict c3RrDI6YcuZYrus7aLebkVnUXPf8EHooyaRa5b7c86qfmxMetdGfLiMdOl4jhL7

-- Dumped from database version 16.13
-- Dumped by pg_dump version 16.13

SET statement_timeout = 0;
SET lock_timeout = 0;
SET idle_in_transaction_session_timeout = 0;
SET client_encoding = 'UTF8';
SET standard_conforming_strings = on;
SELECT pg_catalog.set_config('search_path', '', false);
SET check_function_bodies = false;
SET xmloption = content;
SET client_min_messages = warning;
SET row_security = off;

--
-- Data for Name: auth_group; Type: TABLE DATA; Schema: public; Owner: -
--

COPY public.auth_group (id, name) FROM stdin;
\.


--
-- Data for Name: django_content_type; Type: TABLE DATA; Schema: public; Owner: -
--

COPY public.django_content_type (id, app_label, model) FROM stdin;
1	admin	logentry
2	auth	permission
3	auth	group
4	contenttypes	contenttype
5	sessions	session
6	token_blacklist	blacklistedtoken
7	token_blacklist	outstandingtoken
8	accounts	user
9	profiles	skill
10	profiles	profile
11	profiles	availabilityslot
12	profiles	userskill
13	mentoring	mentorshippost
14	mentoring	match
15	chat	conversation
16	chat	conversationmember
17	chat	message
18	notifications	notification
19	onboarding	verificationdocument
20	mentoring	review
\.


--
-- Data for Name: auth_permission; Type: TABLE DATA; Schema: public; Owner: -
--

COPY public.auth_permission (id, name, content_type_id, codename) FROM stdin;
1	Can add log entry	1	add_logentry
2	Can change log entry	1	change_logentry
3	Can delete log entry	1	delete_logentry
4	Can view log entry	1	view_logentry
5	Can add permission	2	add_permission
6	Can change permission	2	change_permission
7	Can delete permission	2	delete_permission
8	Can view permission	2	view_permission
9	Can add group	3	add_group
10	Can change group	3	change_group
11	Can delete group	3	delete_group
12	Can view group	3	view_group
13	Can add content type	4	add_contenttype
14	Can change content type	4	change_contenttype
15	Can delete content type	4	delete_contenttype
16	Can view content type	4	view_contenttype
17	Can add session	5	add_session
18	Can change session	5	change_session
19	Can delete session	5	delete_session
20	Can view session	5	view_session
21	Can add blacklisted token	6	add_blacklistedtoken
22	Can change blacklisted token	6	change_blacklistedtoken
23	Can delete blacklisted token	6	delete_blacklistedtoken
24	Can view blacklisted token	6	view_blacklistedtoken
25	Can add outstanding token	7	add_outstandingtoken
26	Can change outstanding token	7	change_outstandingtoken
27	Can delete outstanding token	7	delete_outstandingtoken
28	Can view outstanding token	7	view_outstandingtoken
29	Can add user	8	add_user
30	Can change user	8	change_user
31	Can delete user	8	delete_user
32	Can view user	8	view_user
33	Can add skill	9	add_skill
34	Can change skill	9	change_skill
35	Can delete skill	9	delete_skill
36	Can view skill	9	view_skill
37	Can add profile	10	add_profile
38	Can change profile	10	change_profile
39	Can delete profile	10	delete_profile
40	Can view profile	10	view_profile
41	Can add availability slot	11	add_availabilityslot
42	Can change availability slot	11	change_availabilityslot
43	Can delete availability slot	11	delete_availabilityslot
44	Can view availability slot	11	view_availabilityslot
45	Can add user skill	12	add_userskill
46	Can change user skill	12	change_userskill
47	Can delete user skill	12	delete_userskill
48	Can view user skill	12	view_userskill
49	Can add mentorship post	13	add_mentorshippost
50	Can change mentorship post	13	change_mentorshippost
51	Can delete mentorship post	13	delete_mentorshippost
52	Can view mentorship post	13	view_mentorshippost
53	Can add match	14	add_match
54	Can change match	14	change_match
55	Can delete match	14	delete_match
56	Can view match	14	view_match
57	Can add conversation	15	add_conversation
58	Can change conversation	15	change_conversation
59	Can delete conversation	15	delete_conversation
60	Can view conversation	15	view_conversation
61	Can add conversation member	16	add_conversationmember
62	Can change conversation member	16	change_conversationmember
63	Can delete conversation member	16	delete_conversationmember
64	Can view conversation member	16	view_conversationmember
65	Can add message	17	add_message
66	Can change message	17	change_message
67	Can delete message	17	delete_message
68	Can view message	17	view_message
69	Can add notification	18	add_notification
70	Can change notification	18	change_notification
71	Can delete notification	18	delete_notification
72	Can view notification	18	view_notification
73	Can add verification document	19	add_verificationdocument
74	Can change verification document	19	change_verificationdocument
75	Can delete verification document	19	delete_verificationdocument
76	Can view verification document	19	view_verificationdocument
77	Can add review	20	add_review
78	Can change review	20	change_review
79	Can delete review	20	delete_review
80	Can view review	20	view_review
\.


--
-- Data for Name: auth_group_permissions; Type: TABLE DATA; Schema: public; Owner: -
--

COPY public.auth_group_permissions (id, group_id, permission_id) FROM stdin;
\.


--
-- Data for Name: users; Type: TABLE DATA; Schema: public; Owner: -
--

COPY public.users (password, last_login, is_superuser, first_name, last_name, is_staff, is_active, date_joined, id, email, phone, is_verified, created_at, updated_at) FROM stdin;
pbkdf2_sha256$870000$ayroh0sFpynYbfkoydyl5C$SGfIhrG3l9H664YzNH8Axk0Co6rfBc1k6+Auhtg0OQ8=	2026-06-10 12:40:14.366078+00	t			t	t	2026-06-10 12:28:46.795582+00	cef5d0be-9064-4305-9468-bd3900d374a1	admin@mentorlink.com	\N	f	2026-06-10 12:28:47.447212+00	2026-06-10 12:28:47.447225+00
pbkdf2_sha256$870000$NFX7vYDdKjDwOk5isrlWqG$7WmJt+AJap5O2gJNrSBt1g+q9tk1Ylhb8eJCNT/AdT8=	\N	f	Bob	Kouassi	f	t	2026-06-10 14:25:15.647349+00	3f1f157d-98f6-4907-8c7c-165e573a186a	bob@example.com	+22501010102	t	2026-06-10 14:25:15.647572+00	2026-06-10 14:25:15.64758+00
pbkdf2_sha256$870000$L2GVEsPQqaD0vdpA81mY8v$CJTU7G2FrI4zOOTECQSF0KgffRVsDTfu3ItVzVH06bc=	\N	f	Carol	Diallo	f	t	2026-06-10 14:25:16.490665+00	7d28b09c-b8fd-45bf-806d-ad82d4884774	carol@example.com	+22501010103	t	2026-06-10 14:25:16.490915+00	2026-06-10 14:25:16.490923+00
pbkdf2_sha256$870000$sHx5oEAohrcVMvze5TPt42$Xi1ueXoqdhYusKEun19+Vc+nvV2t4Jp77CeTYWox2Yw=	\N	f	Dave	Traore	f	t	2026-06-10 14:25:17.664043+00	a097155f-18d3-401f-b023-a0e05b8a6753	dave@example.com	+22501010104	t	2026-06-10 14:25:17.66424+00	2026-06-10 14:25:17.664247+00
pbkdf2_sha256$870000$IeMgt0mOPpUeru8xEP3BEq$RvkS8A5fpioI8M+1eTTfTCo5+ukSypJfP9R5vQMD8gk=	\N	f	Eve	NGuessan	f	t	2026-06-10 14:25:18.462834+00	3e8bb4c1-0d5a-4bc5-bcd6-95598f4f7363	eve@example.com	+22501010105	t	2026-06-10 14:25:18.463061+00	2026-06-10 14:25:18.463068+00
pbkdf2_sha256$870000$9yaeADJ0mi0V5hD7Ho71Ex$mdYbLvg3n33JhRXYfN+PwcweNFt+qSAfwgN7XKVwVRA=	\N	f	Frank	Soro	f	t	2026-06-10 14:25:19.266886+00	e876f033-f143-4f4b-9adc-71642419144a	frank@example.com	+22501010106	t	2026-06-10 14:25:19.267116+00	2026-06-10 14:25:19.267123+00
pbkdf2_sha256$870000$g5KSFVpVZLHfltPeAWtceM$WsVbXwqNn9+u2hmVUOUrvWc55x3NmV5xM2uAMHomzBU=	\N	f	Grace	Koffi	f	t	2026-06-10 14:25:20.238848+00	2e624d5c-4afa-475d-9083-9877614d6d06	grace@example.com	+22501010107	t	2026-06-10 14:25:20.239187+00	2026-06-10 14:25:20.239198+00
pbkdf2_sha256$870000$RBfnT5rZ4zcsubb0NG0Qle$GBmdpkgzn506d+tJkISo8d+N5NQZUO6Q38ZJ6p3HcWU=	\N	f	Henry	Zadi	f	t	2026-06-10 14:25:21.301309+00	02d56625-7584-447e-8ad0-838c2beeaaf4	henry@example.com	+22501010108	t	2026-06-10 14:25:21.301488+00	2026-06-10 14:25:21.301495+00
pbkdf2_sha256$870000$DlnNk9dVtdMubmT3LumHb0$9+2j7VlBEbrwtmcQuXhO0CZGyHoon7Kvce6OEjiBuO0=	\N	f	Iris	Bamba	f	t	2026-06-10 14:25:22.171193+00	717f97b9-6de0-4c33-8c5c-61c9abdebed4	iris@example.com	+22501010109	t	2026-06-10 14:25:22.171427+00	2026-06-10 14:25:22.171436+00
pbkdf2_sha256$870000$YnLzKKArvmo2ONiPAcx5Iu$Hh4VJxGwDo0uKyhJ12ST+5ReoHJ6ei0m4JeKfsfYahI=	\N	f	James	Toure	f	t	2026-06-10 14:25:23.198815+00	d5626e1d-fd73-4d98-8086-552536eadf39	james@example.com	+22501010110	t	2026-06-10 14:25:23.199053+00	2026-06-10 14:25:23.199062+00
pbkdf2_sha256$870000$TqWDWmszFyIIZQYaZp9BYc$dw3k5XE9p1vCg0oW21ma0DPX/xJxqyk3/L2Mxm3pQjM=	\N	f	Test	User	f	t	2026-06-10 17:08:48.802126+00	c156fde9-c5db-49d6-bd58-2844fd4ef021	browser-test@example.com	\N	f	2026-06-10 17:08:48.8073+00	2026-06-10 17:08:48.807322+00
pbkdf2_sha256$870000$71uQZkl5WoH1pbTnVkmUqY$qQhRA9lat49L2bMen7daRyiIA5/2wlWZWpERE6hnq0g=	\N	f	Alice	Konan	f	t	2026-06-10 14:25:14.735505+00	4e8c1fcf-a156-44f2-bf16-9fa3b37d3977	alice@example.com	+22501010101	t	2026-06-10 14:25:14.736017+00	2026-06-11 15:25:45.619209+00
pbkdf2_sha256$870000$MLPCdzRIy53CohAPAmILob$F/5DrF53++2yjr62wXs0zIyueTmXbtO27suKIxu+Wlo=	\N	f	AGO	Alex	f	t	2026-06-10 15:00:05.896682+00	cd9bd543-becf-4a12-b672-47bcd0d4c95e	alexyessougnonago@gmail.com	0153088468	f	2026-06-10 15:00:05.897568+00	2026-06-10 15:00:05.897578+00
\.


--
-- Data for Name: profiles; Type: TABLE DATA; Schema: public; Owner: -
--

COPY public.profiles (id, created_at, updated_at, deleted_at, profile_photo, department, academic_level, bio, user_id) FROM stdin;
6da8523a-b47c-4702-b967-6c64655652b8	2026-06-10 15:00:11.24873+00	2026-06-10 15:00:11.248758+00	\N		Génie Logiciel	Master 1	J'aime l'IA	cd9bd543-becf-4a12-b672-47bcd0d4c95e
9ec37782-f01d-4322-b5a2-b00a5f83ad6e	2026-06-10 14:25:15.715541+00	2026-06-10 14:25:15.780743+00	\N		Informatique	L3	Looking to improve my programming skills. Interested in Python and web dev.	3f1f157d-98f6-4907-8c7c-165e573a186a
aa841022-0523-4f34-bed7-b6960d284da4	2026-06-10 14:25:16.578845+00	2026-06-10 14:25:16.821267+00	\N		Mathematiques	M1	Math tutor available for mentoring. Can help with statistics and physics too.	7d28b09c-b8fd-45bf-806d-ad82d4884774
757c574b-9719-4c7b-9e00-21a7ee1d4093	2026-06-10 14:25:17.730918+00	2026-06-10 14:25:17.795401+00	\N		Informatique	L2	Want to learn web development and Python. Motivated and curious.	a097155f-18d3-401f-b023-a0e05b8a6753
48969b1c-1316-4814-b05a-2fcb821d31a1	2026-06-10 14:25:18.516384+00	2026-06-10 14:25:18.570479+00	\N		Physique	M2	Physics researcher offering mentorship in quantum mechanics and ML.	3e8bb4c1-0d5a-4bc5-bcd6-95598f4f7363
bf8442cd-e57f-4394-bc9f-f711703cb479	2026-06-10 14:25:19.346441+00	2026-06-10 14:25:19.412105+00	\N		Informatique	M1	Full-stack developer with 3 years experience. Love React and TypeScript.	e876f033-f143-4f4b-9adc-71642419144a
181e73d9-825b-445a-9989-6c195b2c3054	2026-06-10 14:25:20.299028+00	2026-06-10 14:25:20.363917+00	\N		Informatique	L3	Beginner in programming. Want to learn Java and mobile development.	2e624d5c-4afa-475d-9083-9877614d6d06
ac24a8bd-3c25-4af6-b72b-1da9e004200e	2026-06-10 14:25:21.360966+00	2026-06-10 14:25:21.415412+00	\N		Reseaux	M2	Cybersecurity expert. Can mentor in networking, security, and DevOps.	02d56625-7584-447e-8ad0-838c2beeaaf4
c20a1276-4b3b-442c-a33f-03039f42eb8b	2026-06-10 14:25:22.292122+00	2026-06-10 14:25:22.345189+00	\N		Design	L3	UI/UX designer looking for mentorship in frontend development.	717f97b9-6de0-4c33-8c5c-61c9abdebed4
173ed165-b675-4ef2-b46b-693495010ef5	2026-06-10 14:25:23.266641+00	2026-06-10 14:25:23.341515+00	\N		Informatique	M1	Machine learning enthusiast. Can mentor in data science and AI.	d5626e1d-fd73-4d98-8086-552536eadf39
4e4e056e-ae17-4f9d-8869-ae8fb92a87d6	2026-06-10 17:09:13.87381+00	2026-06-10 17:09:13.873834+00	\N		Génie Logiciel	Master 1		c156fde9-c5db-49d6-bd58-2844fd4ef021
08ac6245-6b77-45f1-9893-a3c923dc507e	2026-06-10 14:25:14.843326+00	2026-06-10 14:25:14.906289+00	\N		Génie Logiciel	Master 1	Bio test via browser	4e8c1fcf-a156-44f2-bf16-9fa3b37d3977
\.


--
-- Data for Name: availability_slots; Type: TABLE DATA; Schema: public; Owner: -
--

COPY public.availability_slots (id, created_at, updated_at, deleted_at, day_of_week, start_time, end_time, profile_id) FROM stdin;
d6f8fb8f-f50e-4cd8-a9c2-781e2e3a0448	2026-06-10 14:25:27.160085+00	2026-06-10 14:25:27.160104+00	\N	MONDAY	09:00:00	12:00:00	08ac6245-6b77-45f1-9893-a3c923dc507e
608edf07-ddb8-4356-86e8-600efaf9c524	2026-06-10 14:25:27.233647+00	2026-06-10 14:25:27.233684+00	\N	WEDNESDAY	14:00:00	17:00:00	08ac6245-6b77-45f1-9893-a3c923dc507e
ceeeb6e2-0fea-442a-86b5-c8a1bb5cd7af	2026-06-10 14:25:27.30738+00	2026-06-10 14:25:27.307401+00	\N	FRIDAY	10:00:00	13:00:00	08ac6245-6b77-45f1-9893-a3c923dc507e
73fdc6c3-6b5e-427e-8375-5015340ed524	2026-06-10 14:25:27.399593+00	2026-06-10 14:25:27.399629+00	\N	MONDAY	10:00:00	12:00:00	9ec37782-f01d-4322-b5a2-b00a5f83ad6e
dd9c3f42-1b59-45e8-8bce-b86d6010499c	2026-06-10 14:25:27.477852+00	2026-06-10 14:25:27.47788+00	\N	TUESDAY	14:00:00	16:00:00	9ec37782-f01d-4322-b5a2-b00a5f83ad6e
853837ec-c97e-40d7-9387-2fa49937841a	2026-06-10 14:25:27.563936+00	2026-06-10 14:25:27.563971+00	\N	TUESDAY	09:00:00	12:00:00	aa841022-0523-4f34-bed7-b6960d284da4
2fa90d46-020e-46f2-b143-a49c6aff90f2	2026-06-10 14:25:27.653642+00	2026-06-10 14:25:27.653661+00	\N	THURSDAY	15:00:00	17:00:00	aa841022-0523-4f34-bed7-b6960d284da4
62abf1ef-56fa-43d2-b144-dc15a3ad8d54	2026-06-10 14:25:27.739251+00	2026-06-10 14:25:27.739269+00	\N	SATURDAY	09:00:00	12:00:00	aa841022-0523-4f34-bed7-b6960d284da4
8c8db109-d226-48ef-9d5d-0f8511a3c5ae	2026-06-10 14:25:27.808065+00	2026-06-10 14:25:27.808085+00	\N	WEDNESDAY	09:00:00	11:00:00	757c574b-9719-4c7b-9e00-21a7ee1d4093
3046421d-2d28-4d9a-afa2-b53f89cea39e	2026-06-10 14:25:27.882941+00	2026-06-10 14:25:27.882954+00	\N	FRIDAY	14:00:00	16:00:00	757c574b-9719-4c7b-9e00-21a7ee1d4093
a1a39f82-0ce4-4f71-a355-c288966b7db3	2026-06-10 14:25:27.953068+00	2026-06-10 14:25:27.953103+00	\N	MONDAY	13:00:00	15:00:00	48969b1c-1316-4814-b05a-2fcb821d31a1
313b1d1a-6cd3-4fa9-ac0c-582c49086714	2026-06-10 14:25:28.018348+00	2026-06-10 14:25:28.018367+00	\N	FRIDAY	09:00:00	12:00:00	48969b1c-1316-4814-b05a-2fcb821d31a1
c6c4c23e-7b03-4509-8e6a-d6cac9595ab5	2026-06-10 14:25:28.130239+00	2026-06-10 14:25:28.130274+00	\N	TUESDAY	10:00:00	14:00:00	bf8442cd-e57f-4394-bc9f-f711703cb479
c7fa506f-5dce-467a-aa03-93b1b9693222	2026-06-10 14:25:28.216871+00	2026-06-10 14:25:28.216889+00	\N	THURSDAY	14:00:00	18:00:00	bf8442cd-e57f-4394-bc9f-f711703cb479
af9b2482-ebcc-4267-8ddd-f14b8e41f095	2026-06-10 14:25:28.320285+00	2026-06-10 14:25:28.320321+00	\N	WEDNESDAY	13:00:00	15:00:00	181e73d9-825b-445a-9989-6c195b2c3054
eb47d929-0023-4fcb-b8e5-937433865428	2026-06-10 14:25:28.392265+00	2026-06-10 14:25:28.39228+00	\N	SATURDAY	10:00:00	13:00:00	181e73d9-825b-445a-9989-6c195b2c3054
09ac025a-29f3-4d45-a924-9478d7b2309d	2026-06-10 14:25:28.449596+00	2026-06-10 14:25:28.449619+00	\N	MONDAY	14:00:00	17:00:00	ac24a8bd-3c25-4af6-b72b-1da9e004200e
65756e4b-e057-47af-bb09-d7e2faf42981	2026-06-10 14:25:28.503398+00	2026-06-10 14:25:28.503416+00	\N	WEDNESDAY	09:00:00	12:00:00	ac24a8bd-3c25-4af6-b72b-1da9e004200e
a1532e33-a58e-4f5c-85d1-865615569a45	2026-06-10 14:25:28.563223+00	2026-06-10 14:25:28.563263+00	\N	THURSDAY	09:00:00	12:00:00	c20a1276-4b3b-442c-a33f-03039f42eb8b
919a2af9-ac0a-4f0d-9513-43bb74b5e82d	2026-06-10 14:25:28.650454+00	2026-06-10 14:25:28.650475+00	\N	FRIDAY	10:00:00	14:00:00	c20a1276-4b3b-442c-a33f-03039f42eb8b
56721916-f4a9-4d48-94c3-a5ae5e0ca3f5	2026-06-10 14:25:28.716194+00	2026-06-10 14:25:28.716213+00	\N	MONDAY	15:00:00	18:00:00	173ed165-b675-4ef2-b46b-693495010ef5
fc9929d9-ec78-49c9-8e70-4e1af6e671aa	2026-06-10 14:25:28.783752+00	2026-06-10 14:25:28.783776+00	\N	WEDNESDAY	10:00:00	13:00:00	173ed165-b675-4ef2-b46b-693495010ef5
1704c425-ed1d-4fa1-9312-32fc09f1c62c	2026-06-10 18:09:10.197547+00	2026-06-10 18:09:10.197577+00	2026-06-11 16:37:29.031521+00	FRIDAY	14:00:00	16:00:00	6da8523a-b47c-4702-b967-6c64655652b8
e491f3cc-4761-4087-95cc-545a38ce7b47	2026-06-10 18:09:10.422468+00	2026-06-10 18:09:10.422496+00	2026-06-11 16:37:29.108691+00	FRIDAY	16:00:00	18:00:00	6da8523a-b47c-4702-b967-6c64655652b8
3d4d12ae-6dd6-4d7f-b112-7db00619885b	2026-06-10 18:09:10.426905+00	2026-06-10 18:09:10.426925+00	2026-06-11 16:37:29.186591+00	MONDAY	08:00:00	10:00:00	6da8523a-b47c-4702-b967-6c64655652b8
b861bf8b-6001-4c3a-a421-e7040c2493d1	2026-06-10 18:09:10.425267+00	2026-06-10 18:09:10.425294+00	2026-06-11 16:37:29.278265+00	SUNDAY	14:00:00	16:00:00	6da8523a-b47c-4702-b967-6c64655652b8
9a5deadd-f70c-49d4-b697-af8155ca7f97	2026-06-10 18:09:10.103055+00	2026-06-10 18:09:10.103204+00	2026-06-11 16:37:29.36386+00	WEDNESDAY	20:00:00	20:00:00	6da8523a-b47c-4702-b967-6c64655652b8
dd43faec-644f-4d88-ac2f-43986369c9e7	2026-06-11 16:37:29.479764+00	2026-06-11 16:37:29.479794+00	2026-06-11 16:54:01.122592+00	MONDAY	08:00:00	12:00:00	6da8523a-b47c-4702-b967-6c64655652b8
8830ee5a-a221-464e-aad5-25f3cc5bda1c	2026-06-11 16:54:01.271578+00	2026-06-11 16:54:01.271602+00	\N	MONDAY	08:00:00	12:00:00	6da8523a-b47c-4702-b967-6c64655652b8
\.


--
-- Data for Name: conversations; Type: TABLE DATA; Schema: public; Owner: -
--

COPY public.conversations (id, created_at, updated_at, deleted_at) FROM stdin;
c6adebb0-838a-4574-ae2b-332258d320db	2026-06-10 14:25:31.02682+00	2026-06-10 14:25:31.026856+00	\N
6f543bb5-f963-4abf-be67-017313aa693a	2026-06-10 14:25:32.24197+00	2026-06-10 14:25:32.242049+00	\N
aa3c0b6d-7d42-4f34-8b81-e907c32f82a5	2026-06-10 14:25:33.669988+00	2026-06-10 14:25:33.670078+00	\N
e2c82824-1eb6-4cc9-9e17-470cf927e6b0	2026-06-10 14:25:34.599715+00	2026-06-10 14:25:34.599748+00	\N
f6247269-527c-4758-a721-d4f334b9d278	2026-06-10 14:25:36.14995+00	2026-06-10 14:25:36.149987+00	\N
cec86833-fedb-4c98-8c71-70409ef56abf	2026-06-10 17:12:26.96717+00	2026-06-10 17:12:26.967187+00	\N
d9e83586-f916-4f41-8203-7cfd7d44d018	2026-06-11 15:33:31.70353+00	2026-06-11 15:33:31.703555+00	\N
73dec969-ad14-413e-9151-28dfdcad917c	2026-06-11 15:45:14.137976+00	2026-06-11 15:45:14.137992+00	\N
a3bbcaeb-e60b-4fdf-b03f-d88dcf00549e	2026-06-11 16:04:55.608692+00	2026-06-11 16:04:55.608812+00	\N
\.


--
-- Data for Name: conversation_members; Type: TABLE DATA; Schema: public; Owner: -
--

COPY public.conversation_members (id, joined_at, conversation_id, user_id) FROM stdin;
2cb1a94e-0169-4e8e-be90-80f7dde2993c	2026-06-10 14:25:31.080313+00	c6adebb0-838a-4574-ae2b-332258d320db	4e8c1fcf-a156-44f2-bf16-9fa3b37d3977
ac0af5a2-5f41-43e9-9395-1ad764302777	2026-06-10 14:25:31.135179+00	c6adebb0-838a-4574-ae2b-332258d320db	3f1f157d-98f6-4907-8c7c-165e573a186a
30d3de7f-fe9c-48a7-9c6a-fefbdf986145	2026-06-10 14:25:32.296994+00	6f543bb5-f963-4abf-be67-017313aa693a	e876f033-f143-4f4b-9adc-71642419144a
3a3fd43e-6c74-4d7f-b103-9a740c169fc8	2026-06-10 14:25:32.341429+00	6f543bb5-f963-4abf-be67-017313aa693a	a097155f-18d3-401f-b023-a0e05b8a6753
4053c424-f5b7-4376-aa38-415e61cc36e4	2026-06-10 14:25:33.736484+00	aa3c0b6d-7d42-4f34-8b81-e907c32f82a5	7d28b09c-b8fd-45bf-806d-ad82d4884774
9107a670-a7f3-4cd1-96c3-75489bc20dd9	2026-06-10 14:25:33.791696+00	aa3c0b6d-7d42-4f34-8b81-e907c32f82a5	3f1f157d-98f6-4907-8c7c-165e573a186a
b269cdc1-8923-4fa9-bed5-50786b822eb7	2026-06-10 14:25:34.666263+00	e2c82824-1eb6-4cc9-9e17-470cf927e6b0	d5626e1d-fd73-4d98-8086-552536eadf39
5cdc86fd-9cc2-4307-b5b6-09191a89ac6c	2026-06-10 14:25:34.73251+00	e2c82824-1eb6-4cc9-9e17-470cf927e6b0	717f97b9-6de0-4c33-8c5c-61c9abdebed4
c210a243-adf7-4924-a634-dc69863da48d	2026-06-10 14:25:36.464313+00	f6247269-527c-4758-a721-d4f334b9d278	02d56625-7584-447e-8ad0-838c2beeaaf4
0a265863-bc93-4526-899e-4ccd88071846	2026-06-10 14:25:36.702897+00	f6247269-527c-4758-a721-d4f334b9d278	2e624d5c-4afa-475d-9083-9877614d6d06
8a098ef9-7c46-414e-95ca-c312a140d850	2026-06-10 17:12:27.051898+00	cec86833-fedb-4c98-8c71-70409ef56abf	c156fde9-c5db-49d6-bd58-2844fd4ef021
6759f5b6-c0de-4740-a15f-68f0987e2b27	2026-06-10 17:12:27.262288+00	cec86833-fedb-4c98-8c71-70409ef56abf	717f97b9-6de0-4c33-8c5c-61c9abdebed4
c84bda94-945a-4ac3-89c5-0adaf61b9f7a	2026-06-11 15:33:31.77756+00	d9e83586-f916-4f41-8203-7cfd7d44d018	4e8c1fcf-a156-44f2-bf16-9fa3b37d3977
a965557f-7c59-4805-a318-f1db1d9b4722	2026-06-11 15:33:31.899056+00	d9e83586-f916-4f41-8203-7cfd7d44d018	717f97b9-6de0-4c33-8c5c-61c9abdebed4
b9f053ff-d8f7-45be-8c8f-889b618d3146	2026-06-11 15:45:14.223452+00	73dec969-ad14-413e-9151-28dfdcad917c	4e8c1fcf-a156-44f2-bf16-9fa3b37d3977
5f121033-0ff0-427f-8e31-cce7c40300a2	2026-06-11 15:45:14.290039+00	73dec969-ad14-413e-9151-28dfdcad917c	cd9bd543-becf-4a12-b672-47bcd0d4c95e
7a2e0de2-46a3-48c9-8d8d-08b94842ba3a	2026-06-11 16:04:55.692277+00	a3bbcaeb-e60b-4fdf-b03f-d88dcf00549e	cd9bd543-becf-4a12-b672-47bcd0d4c95e
6c591da7-007d-47b1-8198-5696943f74b0	2026-06-11 16:04:55.946187+00	a3bbcaeb-e60b-4fdf-b03f-d88dcf00549e	717f97b9-6de0-4c33-8c5c-61c9abdebed4
\.


--
-- Data for Name: django_admin_log; Type: TABLE DATA; Schema: public; Owner: -
--

COPY public.django_admin_log (id, action_time, object_id, object_repr, action_flag, change_message, content_type_id, user_id) FROM stdin;
1	2026-06-11 15:25:45.714264+00	4e8c1fcf-a156-44f2-bf16-9fa3b37d3977	alice@example.com	2	[{"changed": {"fields": ["password"]}}]	8	cef5d0be-9064-4305-9468-bd3900d374a1
\.


--
-- Data for Name: django_migrations; Type: TABLE DATA; Schema: public; Owner: -
--

COPY public.django_migrations (id, app, name, applied) FROM stdin;
1	contenttypes	0001_initial	2026-06-10 12:08:33.86302+00
2	contenttypes	0002_remove_content_type_name	2026-06-10 12:08:34.060902+00
3	auth	0001_initial	2026-06-10 12:08:37.400383+00
4	auth	0002_alter_permission_name_max_length	2026-06-10 12:08:37.749206+00
5	auth	0003_alter_user_email_max_length	2026-06-10 12:08:37.899105+00
6	auth	0004_alter_user_username_opts	2026-06-10 12:08:38.168072+00
7	auth	0005_alter_user_last_login_null	2026-06-10 12:08:38.368581+00
8	auth	0006_require_contenttypes_0002	2026-06-10 12:08:38.576113+00
9	auth	0007_alter_validators_add_error_messages	2026-06-10 12:08:38.769736+00
10	auth	0008_alter_user_username_max_length	2026-06-10 12:08:39.038681+00
11	auth	0009_alter_user_last_name_max_length	2026-06-10 12:08:39.223901+00
12	auth	0010_alter_group_name_max_length	2026-06-10 12:08:39.478943+00
13	auth	0011_update_proxy_permissions	2026-06-10 12:08:39.886456+00
14	auth	0012_alter_user_first_name_max_length	2026-06-10 12:08:40.08408+00
15	accounts	0001_initial	2026-06-10 12:08:46.389251+00
16	admin	0001_initial	2026-06-10 12:08:48.271078+00
17	admin	0002_logentry_remove_auto_add	2026-06-10 12:08:48.447247+00
18	admin	0003_logentry_add_action_flag_choices	2026-06-10 12:08:57.962425+00
19	chat	0001_initial	2026-06-10 12:09:00.470403+00
20	mentoring	0001_initial	2026-06-10 12:09:02.62857+00
21	notifications	0001_initial	2026-06-10 12:09:03.249839+00
22	notifications	0002_alter_notification_type_max_length	2026-06-10 12:09:03.346204+00
23	onboarding	0001_initial	2026-06-10 12:09:04.056872+00
24	onboarding	0002_rename_vd_status_idx_verificatio_status_a43286_idx_and_more	2026-06-10 12:09:04.232107+00
25	profiles	0001_initial	2026-06-10 12:09:05.628534+00
26	sessions	0001_initial	2026-06-10 12:09:06.049855+00
27	token_blacklist	0001_initial	2026-06-10 12:09:06.902302+00
28	token_blacklist	0002_outstandingtoken_jti_hex	2026-06-10 12:09:07.16292+00
29	token_blacklist	0003_auto_20171017_2007	2026-06-10 12:09:07.303646+00
30	token_blacklist	0004_auto_20171017_2013	2026-06-10 12:09:07.599582+00
31	token_blacklist	0005_remove_outstandingtoken_jti	2026-06-10 12:09:07.74163+00
32	token_blacklist	0006_auto_20171017_2113	2026-06-10 12:09:07.847473+00
33	token_blacklist	0007_auto_20171017_2214	2026-06-10 12:09:08.044795+00
34	token_blacklist	0008_migrate_to_bigautofield	2026-06-10 12:09:08.852747+00
35	token_blacklist	0010_fix_migrate_to_bigautofield	2026-06-10 12:09:09.152415+00
36	token_blacklist	0011_linearizes_history	2026-06-10 12:09:09.337298+00
37	token_blacklist	0012_alter_outstandingtoken_user	2026-06-10 12:09:09.538193+00
38	mentoring	0002_review	2026-06-10 15:03:19.590995+00
\.


--
-- Data for Name: django_session; Type: TABLE DATA; Schema: public; Owner: -
--

COPY public.django_session (session_key, session_data, expire_date) FROM stdin;
sm7vnvnqqr28dgb3muqsr6kct0eboxld	.eJxVzMsOwiAQheF3YW3JwEBhXLr3GZqBAVs1bdLLyvju2qQLXZ__Oy_V8bb23baUuRtEnVUu1Quk0hC0rnEIviHXxiYJEoBgcGzU6Zclzo8y7lbuPN4mnadxnYek90Qf66Kvk5Tn5Wj_Dnpe-q8OViJDIrbOZgE0AWqtuRqKwWGy5IOvxEBW0KYawcSKTBA9eOTs1PsDrjZAIA:1wXhHu:mez7Qq-tw_9CAO473wiHLYZ8ild5XTIF51cRMyuGstU	2026-06-25 15:25:46.026468+00
\.


--
-- Data for Name: mentorship_posts; Type: TABLE DATA; Schema: public; Owner: -
--

COPY public.mentorship_posts (id, created_at, updated_at, deleted_at, type, subject, description, format, status, creator_id) FROM stdin;
c3fb5fb5-65e4-482d-8b02-3d43a6e07604	2026-06-10 14:25:28.848698+00	2026-06-10 14:25:28.848721+00	\N	OFFER	Python Programming for Beginners	I can help you learn Python from scratch. We'll cover basics, OOP, and small projects.	ONLINE	OPEN	4e8c1fcf-a156-44f2-bf16-9fa3b37d3977
d50cdd95-63e8-4e88-a868-8900fa07777c	2026-06-10 14:25:28.924967+00	2026-06-10 14:25:28.925001+00	\N	OFFER	Java Fundamentals	Learn Java from the ground up. Topics: syntax, OOP, collections, and basic algorithms.	BOTH	OPEN	4e8c1fcf-a156-44f2-bf16-9fa3b37d3977
9f2c7ea6-484e-4b8b-81e0-d75ef4ee241e	2026-06-10 14:25:29.013446+00	2026-06-10 14:25:29.013481+00	\N	OFFER	Mathematics Tutoring (All Levels)	Available for math tutoring up to M1 level. Algebra, calculus, statistics.	BOTH	OPEN	7d28b09c-b8fd-45bf-806d-ad82d4884774
188889a5-f248-4019-adb8-6f9b3b66a791	2026-06-10 14:25:29.089119+00	2026-06-10 14:25:29.089141+00	\N	OFFER	Physics for Engineers	Help with mechanics, thermodynamics, and electromagnetism.	PHYSICAL	OPEN	7d28b09c-b8fd-45bf-806d-ad82d4884774
84f078d6-1436-4b7a-a84e-3775b3148f3e	2026-06-10 14:25:29.167199+00	2026-06-10 14:25:29.167234+00	\N	OFFER	Quantum Physics Mentorship	Deep dive into quantum mechanics for advanced students.	ONLINE	OPEN	3e8bb4c1-0d5a-4bc5-bcd6-95598f4f7363
6c899934-d735-4921-a3b8-6208160de983	2026-06-10 14:25:29.23232+00	2026-06-10 14:25:29.232338+00	\N	OFFER	Machine Learning from Scratch	Understand the math behind ML algorithms. From linear regression to neural networks.	ONLINE	OPEN	3e8bb4c1-0d5a-4bc5-bcd6-95598f4f7363
73ec3db7-fbaf-4493-9da9-b758efe07d1b	2026-06-10 14:25:29.299655+00	2026-06-10 14:25:29.299693+00	\N	OFFER	React & TypeScript Crash Course	Modern frontend development with React, hooks, and TypeScript.	ONLINE	OPEN	e876f033-f143-4f4b-9adc-71642419144a
89fb4e17-f6ef-4c3a-942d-c770803925db	2026-06-10 14:25:29.389858+00	2026-06-10 14:25:29.389894+00	\N	OFFER	Full-Stack Web Development	From database to deployment. Django + React + Docker.	BOTH	OPEN	e876f033-f143-4f4b-9adc-71642419144a
0bc73ee9-88d4-47ce-a072-cd77aab3c0bd	2026-06-10 14:25:29.479239+00	2026-06-10 14:25:29.479281+00	\N	OFFER	Cybersecurity 101	Learn ethical hacking, network security, and penetration testing basics.	ONLINE	OPEN	02d56625-7584-447e-8ad0-838c2beeaaf4
a37c29a5-b7dd-45cc-887a-487af85e5223	2026-06-10 14:25:29.55494+00	2026-06-10 14:25:29.554973+00	\N	OFFER	Network Architecture	Understanding TCP/IP, routing, switching, and network design.	PHYSICAL	OPEN	02d56625-7584-447e-8ad0-838c2beeaaf4
bb632acc-d1e1-47d3-86f9-32484f9bffdd	2026-06-10 14:25:29.621773+00	2026-06-10 14:25:29.621802+00	\N	OFFER	Data Science with Python	Pandas, NumPy, visualization, and basic ML models.	ONLINE	OPEN	d5626e1d-fd73-4d98-8086-552536eadf39
59ff55c4-fdf5-4759-8b9d-f8c4bee4566d	2026-06-10 14:25:29.688658+00	2026-06-10 14:25:29.688679+00	\N	OFFER	Deep Learning Specialization	Neural networks, CNNs, RNNs, and Transformers with PyTorch.	ONLINE	OPEN	d5626e1d-fd73-4d98-8086-552536eadf39
32933d29-3c36-4355-b3ed-7262e6dc3cb0	2026-06-10 14:25:29.753573+00	2026-06-10 14:25:29.753596+00	\N	REQUEST	Looking for Python Mentor	Need help with Python and algorithms for my L3 project.	ONLINE	OPEN	3f1f157d-98f6-4907-8c7c-165e573a186a
43e607af-f3d7-4668-b8ed-4450c4ec8501	2026-06-10 14:25:29.820965+00	2026-06-10 14:25:29.820993+00	\N	REQUEST	Web Development Help	Looking for guidance on building my first web project.	PHYSICAL	OPEN	a097155f-18d3-401f-b023-a0e05b8a6753
a59b5500-b50a-492a-8601-e7ab2f88b540	2026-06-10 14:25:29.885528+00	2026-06-10 14:25:29.885551+00	\N	REQUEST	Java Programming Tutor	Beginner in Java, need help understanding OOP concepts.	BOTH	OPEN	2e624d5c-4afa-475d-9083-9877614d6d06
d43cd568-4f88-46c3-b928-d58bd86e94f3	2026-06-10 14:25:29.943633+00	2026-06-10 14:25:29.943686+00	\N	REQUEST	Mobile App Development	Want to learn Android or Flutter development.	ONLINE	OPEN	2e624d5c-4afa-475d-9083-9877614d6d06
14b0554b-06b5-4acd-8258-9bcae096eacd	2026-06-10 14:25:30.00738+00	2026-06-10 14:25:30.007399+00	\N	REQUEST	Frontend Development Mentor	I know design but need help with HTML, CSS, and JavaScript.	ONLINE	OPEN	717f97b9-6de0-4c33-8c5c-61c9abdebed4
84c49969-096d-4b99-98f1-2c8fd92b7406	2026-06-10 14:25:30.064166+00	2026-06-10 14:25:30.064184+00	\N	REQUEST	React.js Learning Partner	Looking for someone to learn React with.	BOTH	OPEN	717f97b9-6de0-4c33-8c5c-61c9abdebed4
d8b2ab92-a078-43b1-9b18-fa13be4f48bb	2026-06-10 17:49:37.895619+00	2026-06-10 17:49:37.895656+00	\N	OFFER	bhjk,lm	hijokplé	ONLINE	OPEN	4e8c1fcf-a156-44f2-bf16-9fa3b37d3977
ab6af5cc-90cf-4f15-ae18-4b7a9a8b2efc	2026-06-10 18:09:10.948289+00	2026-06-10 18:09:10.948305+00	\N	OFFER	Alex		ONLINE	OPEN	cd9bd543-becf-4a12-b672-47bcd0d4c95e
\.


--
-- Data for Name: matches; Type: TABLE DATA; Schema: public; Owner: -
--

COPY public.matches (id, created_at, updated_at, deleted_at, compatibility_score, status, matched_at, mentee_id, mentor_id, offer_id, request_id) FROM stdin;
d1ccb750-5cff-433e-af22-e5da0c76b1a7	2026-06-10 14:25:30.125632+00	2026-06-10 14:25:30.12567+00	\N	85.5	PENDING	2026-06-10 14:25:13.858442+00	3f1f157d-98f6-4907-8c7c-165e573a186a	4e8c1fcf-a156-44f2-bf16-9fa3b37d3977	c3fb5fb5-65e4-482d-8b02-3d43a6e07604	32933d29-3c36-4355-b3ed-7262e6dc3cb0
729ebb4c-d6c5-4515-9d7e-ccf87cf668a0	2026-06-10 14:25:30.26604+00	2026-06-10 14:25:30.266077+00	\N	92	ACCEPTED	2026-06-07 14:25:13.858442+00	a097155f-18d3-401f-b023-a0e05b8a6753	e876f033-f143-4f4b-9adc-71642419144a	89fb4e17-f6ef-4c3a-942d-c770803925db	43e607af-f3d7-4668-b8ed-4450c4ec8501
3147eb6e-86a9-4dea-9a48-bd75a4bbfac8	2026-06-10 14:25:30.421272+00	2026-06-10 14:25:30.421309+00	\N	78	ACCEPTED	2026-06-04 14:25:13.858442+00	3f1f157d-98f6-4907-8c7c-165e573a186a	7d28b09c-b8fd-45bf-806d-ad82d4884774	9f2c7ea6-484e-4b8b-81e0-d75ef4ee241e	\N
4d1a5c0a-b84b-403b-b6d9-8dd412065a3f	2026-06-10 14:25:30.552605+00	2026-06-10 14:25:30.552637+00	\N	65	PENDING	2026-06-01 14:25:13.858442+00	2e624d5c-4afa-475d-9083-9877614d6d06	02d56625-7584-447e-8ad0-838c2beeaaf4	0bc73ee9-88d4-47ce-a072-cd77aab3c0bd	a59b5500-b50a-492a-8601-e7ab2f88b540
08242230-05c5-4f04-b41a-18e6ea54559b	2026-06-10 14:25:30.663322+00	2026-06-10 14:25:30.663358+00	\N	71	ACCEPTED	2026-05-29 14:25:13.858442+00	717f97b9-6de0-4c33-8c5c-61c9abdebed4	d5626e1d-fd73-4d98-8086-552536eadf39	bb632acc-d1e1-47d3-86f9-32484f9bffdd	14b0554b-06b5-4acd-8258-9bcae096eacd
ac6f5344-2544-4f02-9a98-c4ac871b7234	2026-06-10 14:25:30.785512+00	2026-06-10 14:25:30.78555+00	\N	88	FINISHED	2026-05-26 14:25:13.858442+00	a097155f-18d3-401f-b023-a0e05b8a6753	4e8c1fcf-a156-44f2-bf16-9fa3b37d3977	d50cdd95-63e8-4e88-a868-8900fa07777c	\N
b3d8fc07-e68a-4470-8c6d-9801184492c0	2026-06-10 14:25:30.915188+00	2026-06-10 14:25:30.915201+00	\N	45	REJECTED	2026-05-23 14:25:13.858442+00	2e624d5c-4afa-475d-9083-9877614d6d06	3e8bb4c1-0d5a-4bc5-bcd6-95598f4f7363	84f078d6-1436-4b7a-a84e-3775b3148f3e	\N
\.


--
-- Data for Name: messages; Type: TABLE DATA; Schema: public; Owner: -
--

COPY public.messages (id, created_at, updated_at, deleted_at, content, read_at, conversation_id, sender_id) FROM stdin;
6106a5de-7f9a-43a9-8ffb-8f3c5aaffd87	2026-06-10 15:41:30.8807+00	2026-06-10 15:41:30.88072+00	\N	Test message from API at 16:41:30	\N	c6adebb0-838a-4574-ae2b-332258d320db	4e8c1fcf-a156-44f2-bf16-9fa3b37d3977
f5b5deb0-98cd-42cb-84ab-04c3702f5d11	2026-05-28 12:25:13.858442+00	2026-06-10 14:25:31.191353+00	\N	Hi Bob! I saw your request for a Python mentor. I'd be happy to help you!	\N	c6adebb0-838a-4574-ae2b-332258d320db	4e8c1fcf-a156-44f2-bf16-9fa3b37d3977
89224ed1-51eb-4507-b119-ccd0c6b652f9	2026-06-10 15:42:52.509187+00	2026-06-10 15:42:52.509211+00	\N	Test depuis le navigateur virtuel	\N	c6adebb0-838a-4574-ae2b-332258d320db	4e8c1fcf-a156-44f2-bf16-9fa3b37d3977
758608b6-2fb0-4a82-a9a2-7ea0e0f115b4	2026-05-28 13:25:13.858442+00	2026-06-10 14:25:31.334786+00	\N	Hey Alice! That would be great! I'm really struggling with Python classes and OOP.	\N	c6adebb0-838a-4574-ae2b-332258d320db	3f1f157d-98f6-4907-8c7c-165e573a186a
d1066d1b-1bd5-47a9-b7db-70980960233b	2026-06-10 16:07:57.993807+00	2026-06-10 16:07:57.993822+00	\N	Bonjour via WebSocket!	\N	c6adebb0-838a-4574-ae2b-332258d320db	4e8c1fcf-a156-44f2-bf16-9fa3b37d3977
d8d70f86-8739-4c30-bf76-dbcfdc58acad	2026-05-28 14:25:13.858442+00	2026-06-10 14:25:31.479511+00	\N	No worries, we all start somewhere. Let's begin with the basics of Python syntax and gradually move to OOP. Are you free this Monday?	\N	c6adebb0-838a-4574-ae2b-332258d320db	4e8c1fcf-a156-44f2-bf16-9fa3b37d3977
45821a7d-2ad7-421e-8412-ecae34b9a165	2026-06-10 16:28:31.984819+00	2026-06-10 16:28:31.984847+00	\N	Message test depuis le script!	\N	c6adebb0-838a-4574-ae2b-332258d320db	4e8c1fcf-a156-44f2-bf16-9fa3b37d3977
3564aa81-462f-437e-ab7d-b1556dcd8b19	2026-05-28 18:25:13.858442+00	2026-06-10 14:25:31.62239+00	\N	Yes, Monday works for me! I'm free from 10am to 12pm.	\N	c6adebb0-838a-4574-ae2b-332258d320db	3f1f157d-98f6-4907-8c7c-165e573a186a
a3fc4a96-15f8-412c-b021-d81e3be146c6	2026-06-10 16:28:32.069428+00	2026-06-10 16:28:32.069443+00	\N	Hello via WebSocket!	\N	c6adebb0-838a-4574-ae2b-332258d320db	4e8c1fcf-a156-44f2-bf16-9fa3b37d3977
c467baca-6b72-4645-96ec-9511acfc66c0	2026-05-28 20:25:13.858442+00	2026-06-10 14:25:31.766387+00	\N	Perfect! Let's meet Monday at 10am. I'll send you a Google Meet link. For the first session, please review Python data types and loops.	\N	c6adebb0-838a-4574-ae2b-332258d320db	4e8c1fcf-a156-44f2-bf16-9fa3b37d3977
08f87e25-b4fd-42df-b5e4-700b71b9df6e	2026-06-10 16:31:20.09071+00	2026-06-10 16:31:20.090729+00	\N	Test message via WS!	\N	c6adebb0-838a-4574-ae2b-332258d320db	4e8c1fcf-a156-44f2-bf16-9fa3b37d3977
97bd3c89-6324-4961-99ce-5b9a4c6706d3	2026-05-28 21:25:13.858442+00	2026-06-10 14:25:31.89911+00	\N	Got it, I'll review those. Thanks so much Alice!	\N	c6adebb0-838a-4574-ae2b-332258d320db	3f1f157d-98f6-4907-8c7c-165e573a186a
b7cad75c-311e-4b37-9d25-63d9adac29fb	2026-06-10 16:31:20.186929+00	2026-06-10 16:31:20.186942+00	\N	Message via REST API!	\N	c6adebb0-838a-4574-ae2b-332258d320db	4e8c1fcf-a156-44f2-bf16-9fa3b37d3977
2f17d7e6-9dd4-4f36-8cca-93be0cf8a30e	2026-05-31 13:25:13.858442+00	2026-06-10 14:25:32.009311+00	\N	Great session today Bob! You did well with the exercises. For next time, practice classes and inheritance.	\N	c6adebb0-838a-4574-ae2b-332258d320db	4e8c1fcf-a156-44f2-bf16-9fa3b37d3977
e9e087bc-996e-48a8-927c-d234e4eb4a19	2026-06-10 17:12:27.366227+00	2026-06-10 17:12:27.366243+00	\N	Salut	\N	cec86833-fedb-4c98-8c71-70409ef56abf	c156fde9-c5db-49d6-bd58-2844fd4ef021
b1bfc8e0-9711-4bce-b55d-82588792374c	2026-05-31 14:25:13.858442+00	2026-06-10 14:25:32.131128+00	\N	Thanks Alice! The session was really helpful. I'll practice classes this week.	\N	c6adebb0-838a-4574-ae2b-332258d320db	3f1f157d-98f6-4907-8c7c-165e573a186a
b0b423dd-e0e6-469c-8387-7536e3060048	2026-06-10 17:51:50.558445+00	2026-06-10 17:51:50.558464+00	\N	E,fo	\N	c6adebb0-838a-4574-ae2b-332258d320db	4e8c1fcf-a156-44f2-bf16-9fa3b37d3977
3ce145a9-1a3e-4a89-aed3-b090b8e2e882	2026-06-02 11:25:13.858442+00	2026-06-10 14:25:32.397245+00	\N	Hey Dave! I saw you need help with web development. I'm a full-stack dev, happy to mentor you!	\N	6f543bb5-f963-4abf-be67-017313aa693a	e876f033-f143-4f4b-9adc-71642419144a
cfcba480-4d27-4003-8011-5a4bb3396508	2026-06-10 17:51:55.536718+00	2026-06-10 17:51:55.536743+00	\N	f	\N	c6adebb0-838a-4574-ae2b-332258d320db	4e8c1fcf-a156-44f2-bf16-9fa3b37d3977
a9abbf25-441c-4260-8060-72700fa04071	2026-06-02 12:25:13.858442+00	2026-06-10 14:25:32.529438+00	\N	Awesome Frank! I've been trying to build a portfolio site but I'm stuck.	\N	6f543bb5-f963-4abf-be67-017313aa693a	a097155f-18d3-401f-b023-a0e05b8a6753
f50a9acf-5a80-4a92-b5f9-f12589e9b209	2026-06-10 17:52:10.362412+00	2026-06-10 17:52:10.362433+00	\N	Alex	\N	c6adebb0-838a-4574-ae2b-332258d320db	4e8c1fcf-a156-44f2-bf16-9fa3b37d3977
22408edc-9a16-498d-932b-33ff5f36790b	2026-06-02 13:25:13.858442+00	2026-06-10 14:25:32.66238+00	\N	Let's start with the basics. Have you worked with HTML, CSS, and JavaScript yet?	\N	6f543bb5-f963-4abf-be67-017313aa693a	e876f033-f143-4f4b-9adc-71642419144a
ffb05922-087f-4a7c-8727-64dea88a3229	2026-06-11 15:27:12.890114+00	2026-06-11 15:27:12.890137+00	\N	cc	\N	c6adebb0-838a-4574-ae2b-332258d320db	4e8c1fcf-a156-44f2-bf16-9fa3b37d3977
51b0afc1-6707-4b8a-9eb3-dfca23b5a70b	2026-06-02 14:25:13.858442+00	2026-06-10 14:25:32.795802+00	\N	I know some HTML and CSS from class, but JavaScript is new to me.	\N	6f543bb5-f963-4abf-be67-017313aa693a	a097155f-18d3-401f-b023-a0e05b8a6753
e15fa150-c195-4077-adb2-69cfebb25774	2026-06-11 15:33:32.008928+00	2026-06-11 15:33:32.008944+00	\N	CC	\N	d9e83586-f916-4f41-8203-7cfd7d44d018	4e8c1fcf-a156-44f2-bf16-9fa3b37d3977
09ba84dc-3038-48a5-b61d-30344703db0d	2026-06-02 16:25:13.858442+00	2026-06-10 14:25:32.93941+00	\N	Perfect! That's a good start. Let me create a roadmap for you. First two weeks: JavaScript fundamentals. Then we'll move to React.	\N	6f543bb5-f963-4abf-be67-017313aa693a	e876f033-f143-4f4b-9adc-71642419144a
32dffcba-2c5f-4d08-b352-d70ae6b649c9	2026-06-11 15:45:33.769483+00	2026-06-11 15:45:33.769498+00	\N	Salut Alex. C'est Alice	\N	73dec969-ad14-413e-9151-28dfdcad917c	4e8c1fcf-a156-44f2-bf16-9fa3b37d3977
62f877aa-3e30-450b-9c73-fdfa3a3b3814	2026-06-02 17:25:13.858442+00	2026-06-10 14:25:33.050281+00	\N	Here's a good resource: https://javascript.info/ — start with the first 5 chapters.	\N	6f543bb5-f963-4abf-be67-017313aa693a	e876f033-f143-4f4b-9adc-71642419144a
232eb4c0-1555-4354-9242-814690a38083	2026-06-04 02:25:13.858442+00	2026-06-10 14:25:33.172177+00	\N	Thanks Frank! I've started reading. The explanations are really clear.	\N	6f543bb5-f963-4abf-be67-017313aa693a	a097155f-18d3-401f-b023-a0e05b8a6753
d55679c1-865b-406e-bad1-dff766ac49a7	2026-06-08 13:25:13.858442+00	2026-06-10 14:25:33.304927+00	\N	Great progress Dave! Your JavaScript is coming along nicely. Next week we start React!	\N	6f543bb5-f963-4abf-be67-017313aa693a	e876f033-f143-4f4b-9adc-71642419144a
f4470e19-bd05-4b60-9c1a-6f2d2dcbb8a7	2026-06-08 14:25:13.858442+00	2026-06-10 14:25:33.437849+00	\N	Can't wait! I built a small calculator project with vanilla JS this week.	\N	6f543bb5-f963-4abf-be67-017313aa693a	a097155f-18d3-401f-b023-a0e05b8a6753
b0f30f8b-b98c-4fed-8cc7-2080c16bf390	2026-06-08 16:25:13.858442+00	2026-06-10 14:25:33.559935+00	\N	That's excellent! Share it with me, I'll review the code.	\N	6f543bb5-f963-4abf-be67-017313aa693a	e876f033-f143-4f4b-9adc-71642419144a
af00bea0-b134-4fcd-baab-6fd9ef98c4b5	2026-06-05 10:25:13.858442+00	2026-06-10 14:25:33.847224+00	\N	Hi Bob! I'm available to help you with mathematics. What topics are you working on?	\N	aa3c0b6d-7d42-4f34-8b81-e907c32f82a5	7d28b09c-b8fd-45bf-806d-ad82d4884774
3691d849-6ee7-4b47-af67-c64b0af15176	2026-06-05 11:25:13.858442+00	2026-06-10 14:25:33.980279+00	\N	Hi Carol! I need help with statistics and probability for my data science class.	\N	aa3c0b6d-7d42-4f34-8b81-e907c32f82a5	3f1f157d-98f6-4907-8c7c-165e573a186a
1c4c32ff-8e7c-442b-ac86-b1d82949e5e0	2026-06-05 12:25:13.858442+00	2026-06-10 14:25:34.101975+00	\N	Great, statistics is my favorite! Let's start with descriptive statistics and probability distributions.	\N	aa3c0b6d-7d42-4f34-8b81-e907c32f82a5	7d28b09c-b8fd-45bf-806d-ad82d4884774
d5060dfe-8046-4cca-be45-63ed0c74e3e6	2026-06-05 14:25:13.858442+00	2026-06-10 14:25:34.223245+00	\N	Perfect, I have an exam in 3 weeks so the sooner the better!	\N	aa3c0b6d-7d42-4f34-8b81-e907c32f82a5	3f1f157d-98f6-4907-8c7c-165e573a186a
4f27bc6a-beae-4857-9492-ef81d25ead6a	2026-06-05 18:25:13.858442+00	2026-06-10 14:25:34.333988+00	\N	We have plenty of time. I'll prepare some exercises for our first session.	\N	aa3c0b6d-7d42-4f34-8b81-e907c32f82a5	7d28b09c-b8fd-45bf-806d-ad82d4884774
0428a37c-ac9d-4e80-9de1-eb87e4f7c7d5	2026-06-05 20:25:13.858442+00	2026-06-10 14:25:34.466858+00	\N	Thank you Carol! See you Thursday.	\N	aa3c0b6d-7d42-4f34-8b81-e907c32f82a5	3f1f157d-98f6-4907-8c7c-165e573a186a
a6b508d6-ce33-479d-af25-c9133b1b59cd	2026-06-07 09:25:13.858442+00	2026-06-10 14:25:34.798776+00	\N	Hi Iris! I saw we matched. Even though my expertise is data science, I can help you with Python basics which is useful for web dev too!	\N	e2c82824-1eb6-4cc9-9e17-470cf927e6b0	d5626e1d-fd73-4d98-8086-552536eadf39
23cce7ab-3f16-4893-ac97-4c0a0a4cb039	2026-06-07 10:25:13.858442+00	2026-06-10 14:25:34.932518+00	\N	Hi James! That sounds good. I actually want to understand how to make data visualizations for my portfolio.	\N	e2c82824-1eb6-4cc9-9e17-470cf927e6b0	717f97b9-6de0-4c33-8c5c-61c9abdebed4
da20c00f-77ad-48e9-8288-616c3246df26	2026-06-07 11:25:13.858442+00	2026-06-10 14:25:35.065172+00	\N	Perfect! Python has great libraries for data viz. Let me show you Matplotlib and Plotly.	\N	e2c82824-1eb6-4cc9-9e17-470cf927e6b0	d5626e1d-fd73-4d98-8086-552536eadf39
ef9f1d57-0215-4f71-9427-1ecd1f549654	2026-06-07 12:25:13.858442+00	2026-06-10 14:25:35.19726+00	\N	I love design, and I think data visualization combines both design and programming perfectly!	\N	e2c82824-1eb6-4cc9-9e17-470cf927e6b0	717f97b9-6de0-4c33-8c5c-61c9abdebed4
0ee51ead-4be7-4778-9217-ef9fe4df6f01	2026-06-07 13:25:13.858442+00	2026-06-10 14:25:35.728753+00	\N	Absolutely! Good design is crucial for data viz. We'll work on both the technical and visual aspects.	\N	e2c82824-1eb6-4cc9-9e17-470cf927e6b0	d5626e1d-fd73-4d98-8086-552536eadf39
e8c52bcc-a720-4f25-89ad-60d75deaaca4	2026-06-09 08:25:13.858442+00	2026-06-10 14:25:37.954484+00	\N	Hello Grace! I saw you need a Java tutor, but I also offer cybersecurity mentoring if you're interested.	\N	f6247269-527c-4758-a721-d4f334b9d278	02d56625-7584-447e-8ad0-838c2beeaaf4
32e0f573-45d0-40e7-a7d9-844babd75866	2026-06-09 09:25:13.858442+00	2026-06-10 14:25:38.120389+00	\N	Hi Henry! Cybersecurity sounds really interesting! Can I try both Java and security?	\N	f6247269-527c-4758-a721-d4f334b9d278	2e624d5c-4afa-475d-9083-9877614d6d06
62cfca05-b265-4ab2-908e-fe19440e1fa0	2026-06-09 10:25:13.858442+00	2026-06-10 14:25:38.252512+00	\N	Of course! Java is actually widely used in security. We can learn Java by building security tools!	\N	f6247269-527c-4758-a721-d4f334b9d278	02d56625-7584-447e-8ad0-838c2beeaaf4
f1780d26-3476-4ca5-a24a-3a3f097ffd83	2026-06-09 11:25:13.858442+00	2026-06-10 14:25:38.375073+00	\N	That's a great approach! When can we start?	\N	f6247269-527c-4758-a721-d4f334b9d278	2e624d5c-4afa-475d-9083-9877614d6d06
32825bb6-92ac-4a72-8fa0-79268ebc7fe2	2026-06-09 12:25:13.858442+00	2026-06-10 14:25:38.507925+00	\N	Let's meet this Wednesday at 2pm. I'll prepare a Java security beginner roadmap.	\N	f6247269-527c-4758-a721-d4f334b9d278	02d56625-7584-447e-8ad0-838c2beeaaf4
a615db17-eeac-4057-bda8-8596099b4e1a	2026-06-09 13:25:13.858442+00	2026-06-10 14:25:38.629551+00	\N	Perfect, see you Wednesday!	\N	f6247269-527c-4758-a721-d4f334b9d278	2e624d5c-4afa-475d-9083-9877614d6d06
388e2342-4493-424f-b11d-6ca73722abeb	2026-06-11 15:57:05.19724+00	2026-06-11 15:57:05.197257+00	\N	Ok que puis-je faire pour vous ?	\N	73dec969-ad14-413e-9151-28dfdcad917c	cd9bd543-becf-4a12-b672-47bcd0d4c95e
2c441fd3-1681-420f-8fc7-3d385ce32850	2026-06-11 16:04:56.044039+00	2026-06-11 16:04:56.044055+00	\N	cc	\N	a3bbcaeb-e60b-4fdf-b03f-d88dcf00549e	cd9bd543-becf-4a12-b672-47bcd0d4c95e
9e57b184-9fdb-4160-8da5-f246f6a9c3cb	2026-06-11 16:05:53.412755+00	2026-06-11 16:05:53.412771+00	\N	J'ai des difficulté en Mathématique	\N	73dec969-ad14-413e-9151-28dfdcad917c	4e8c1fcf-a156-44f2-bf16-9fa3b37d3977
\.


--
-- Data for Name: notifications; Type: TABLE DATA; Schema: public; Owner: -
--

COPY public.notifications (id, created_at, updated_at, deleted_at, type, title, content, is_read, metadata, user_id) FROM stdin;
172e4bf9-86e6-4ab4-8a82-fbbaf8ee85dc	2026-06-10 11:25:13.858442+00	2026-06-10 14:25:38.950314+00	\N	MATCH_ACCEPTED	Match Accepted: Dave Traore	Dave Traore has accepted your Java Fundamentals offer. You can now start mentoring!	f	\N	4e8c1fcf-a156-44f2-bf16-9fa3b37d3977
2bcdaec8-28c8-4979-9611-d28bb786658e	2026-06-10 08:25:13.858442+00	2026-06-10 14:25:39.094587+00	\N	NEW_MESSAGE	New message from Bob Kouassi	Bob sent you a message in your conversation.	f	\N	4e8c1fcf-a156-44f2-bf16-9fa3b37d3977
3e62804f-53c0-4db4-8057-461eaae2248c	2026-06-10 05:25:13.858442+00	2026-06-10 14:25:39.205159+00	\N	NEW_MATCH	New Match: Alice Konan	You have been matched with Alice Konan for your Python mentoring request (85.5% compatibility).	f	\N	3f1f157d-98f6-4907-8c7c-165e573a186a
6cc62268-32ef-4d61-a5f4-ea1ddf4f9e3c	2026-06-10 02:25:13.858442+00	2026-06-10 14:25:39.349116+00	\N	NEW_MATCH	New Match: Carol Diallo	You have been matched with Carol Diallo for Mathematics Tutoring (78.0% compatibility).	f	\N	3f1f157d-98f6-4907-8c7c-165e573a186a
bc13fc50-f392-4cab-b30b-ccaf0b479bba	2026-06-09 23:25:13.858442+00	2026-06-10 14:25:39.47094+00	\N	NEW_MESSAGE	New message from Alice Konan	Alice sent you a message in your conversation.	f	\N	3f1f157d-98f6-4907-8c7c-165e573a186a
712d8889-4e7b-421f-8840-9100c97f93b5	2026-06-09 20:25:13.858442+00	2026-06-10 14:25:39.592093+00	\N	NEW_MATCH	New Mentee: Bob Kouassi	Bob Kouassi has been matched with you for Mathematics Tutoring (78.0% compatibility).	f	\N	7d28b09c-b8fd-45bf-806d-ad82d4884774
073b8539-2546-447a-aaa1-17b37b1a2219	2026-06-09 17:25:13.858442+00	2026-06-10 14:25:39.71462+00	\N	NEW_MESSAGE	New message from Bob Kouassi	Bob sent you a message.	f	\N	7d28b09c-b8fd-45bf-806d-ad82d4884774
431cee5a-9536-4902-9840-e98cb3b6a92a	2026-06-09 14:25:13.858442+00	2026-06-10 14:25:39.846836+00	\N	NEW_MATCH	New Match: Frank Soro	You have been matched with Frank Soro for Full-Stack Web Development (92.0% compatibility).	f	\N	a097155f-18d3-401f-b023-a0e05b8a6753
ba43aafa-a611-433f-b271-346fef7e1c41	2026-06-09 11:25:13.858442+00	2026-06-10 14:25:39.957663+00	\N	MATCH_ACCEPTED	Match Accepted!	Frank Soro has accepted your Web Development Help request. Start your mentorship!	t	\N	a097155f-18d3-401f-b023-a0e05b8a6753
677c42ab-0661-43a9-953c-a251a276be43	2026-06-09 08:25:13.858442+00	2026-06-10 14:25:40.079477+00	\N	NEW_MESSAGE	New message from Frank Soro	Frank sent you a message in your conversation.	t	\N	a097155f-18d3-401f-b023-a0e05b8a6753
80ba0f4f-9d70-46c1-bbd4-09a45dfa2f04	2026-06-09 05:25:13.858442+00	2026-06-10 14:25:40.190476+00	\N	NEW_MATCH	New Mentee: Dave Traore	Dave Traore has been matched with you for Full-Stack Web Development (92.0% compatibility).	t	\N	e876f033-f143-4f4b-9adc-71642419144a
e780f2d4-a503-40fe-8c55-77ce3723bf5b	2026-06-09 02:25:13.858442+00	2026-06-10 14:25:40.323321+00	\N	NEW_MESSAGE	New message from Dave Traore	Dave sent you a message.	t	\N	e876f033-f143-4f4b-9adc-71642419144a
7ae26afb-a560-410c-8691-fbae33d0cb4e	2026-06-08 23:25:13.858442+00	2026-06-10 14:25:40.467321+00	\N	MATCH_REJECTED	Match Rejected: Grace Koffi	Grace Koffi has rejected your Quantum Physics Mentorship offer.	t	\N	3e8bb4c1-0d5a-4bc5-bcd6-95598f4f7363
7a45bd06-87fa-4655-934a-da65ba0e9a84	2026-06-08 20:25:13.858442+00	2026-06-10 14:25:40.599972+00	\N	NEW_MATCH	New Mentee: Grace Koffi	Grace Koffi has been matched with you for Cybersecurity 101 (65.0% compatibility).	t	\N	02d56625-7584-447e-8ad0-838c2beeaaf4
08a9a759-be55-4bb5-84a5-3221c031b5be	2026-06-08 17:25:13.858442+00	2026-06-10 14:25:40.710753+00	\N	NEW_MATCH	New Mentee: Iris Bamba	Iris Bamba has been matched with you for Data Science with Python (71.0% compatibility).	t	\N	d5626e1d-fd73-4d98-8086-552536eadf39
b1a00354-6bdf-4504-806b-e918dc7e9a7f	2026-06-08 14:25:13.858442+00	2026-06-10 14:25:40.832539+00	\N	NEW_MESSAGE	New message from Iris Bamba	Iris sent you a message.	t	\N	d5626e1d-fd73-4d98-8086-552536eadf39
9b5ab5af-e809-4eab-bc22-7cc112c24130	2026-06-08 11:25:13.858442+00	2026-06-10 14:25:40.954071+00	\N	NEW_MATCH	New Match: Henry Zadi	You have been matched with Henry Zadi for Cybersecurity 101 (65.0% compatibility).	t	\N	2e624d5c-4afa-475d-9083-9877614d6d06
9e142a59-692a-4f70-bb64-042d5ee7dfc2	2026-06-08 08:25:13.858442+00	2026-06-10 14:25:41.064445+00	\N	MATCH_REJECTED	Quantum Physics Match Rejected	Your match with Eve NGuessan for Quantum Physics Mentorship has been rejected.	t	\N	2e624d5c-4afa-475d-9083-9877614d6d06
3c27d9f3-c297-46fc-9f1d-2d9ce0d747a0	2026-06-08 05:25:13.858442+00	2026-06-10 14:25:41.175722+00	\N	NEW_MATCH	New Match: James Toure	You have been matched with James Toure for Data Science with Python (71.0% compatibility).	t	\N	717f97b9-6de0-4c33-8c5c-61c9abdebed4
02fdecf9-7755-4f30-9c75-79e631df9ef0	2026-06-08 02:25:13.858442+00	2026-06-10 14:25:41.286265+00	\N	NEW_MESSAGE	New message from James Toure	James sent you a message in your conversation.	t	\N	717f97b9-6de0-4c33-8c5c-61c9abdebed4
55cb7c25-17dc-4d77-9bcd-99f5ff81be55	2026-06-10 14:25:13.858442+00	2026-06-10 14:25:38.762759+00	\N	NEW_MATCH	New Match: Bob Kouassi	You have been matched with Bob Kouassi for Python Mentoring for Beginners (85.5% compatibility).	t	\N	4e8c1fcf-a156-44f2-bf16-9fa3b37d3977
a236c999-47b5-4269-9491-be60c82bfe7a	2026-06-11 16:04:56.183499+00	2026-06-11 16:04:56.183526+00	\N	NEW_MESSAGE	Nouveau message de AGO Alex	cc	f	{"sender_id": "cd9bd543-becf-4a12-b672-47bcd0d4c95e", "conversation_id": "a3bbcaeb-e60b-4fdf-b03f-d88dcf00549e"}	717f97b9-6de0-4c33-8c5c-61c9abdebed4
a603ca16-d128-4b7c-9ada-32b7a9bf330a	2026-06-11 16:05:53.482267+00	2026-06-11 16:05:53.482286+00	\N	NEW_MESSAGE	Nouveau message de Alice Konan	J'ai des difficulté en Mathématique	f	{"sender_id": "4e8c1fcf-a156-44f2-bf16-9fa3b37d3977", "conversation_id": "73dec969-ad14-413e-9151-28dfdcad917c"}	cd9bd543-becf-4a12-b672-47bcd0d4c95e
\.


--
-- Data for Name: reviews; Type: TABLE DATA; Schema: public; Owner: -
--

COPY public.reviews (id, created_at, updated_at, deleted_at, rating, content, session_type, match_id, reviewed_id, reviewer_id) FROM stdin;
\.


--
-- Data for Name: skills; Type: TABLE DATA; Schema: public; Owner: -
--

COPY public.skills (id, name) FROM stdin;
add56c3c-ed20-4c27-8181-ac64c95a1082	Python
d7eaff80-e8e0-4018-bfa7-6c283adf0215	JavaScript
8cbbebd7-23ac-421c-866b-37397ab7167d	TypeScript
20ab197b-eafd-45e3-8645-e542963b790e	Java
7cfa7654-7f01-4274-9786-b685b1b4616a	C/C++
475ad59c-7375-47f1-89ae-62f7dcdfb31a	SQL
3809a851-2e12-481f-9e76-9518e8bced07	Algorithmics
82c260c9-584a-44d5-8b4b-dbb3eec8ccd0	Data Structures
8336be12-ac6d-4c05-b813-1577d0881f81	Mathematics
fc443974-d4c5-463b-b2d3-7ee994314f0a	Physics
30ab5b5e-e14b-48d3-87b4-3a7b40290a29	Machine Learning
76ceba85-8d8a-4cba-996c-84272fd61c3b	Deep Learning
48c05667-15b6-4fba-a316-db0e47706de5	Web Development
f0b34f65-1fdc-41f7-92ea-94d7739ad668	React
9f35d3cc-e693-430d-8724-6d1d081854d8	Mobile Development
89feba35-04e7-4b45-8066-0170a9b3d04e	Database Design
de722840-66c3-4f2a-9fa1-09cecfe1501b	Networking
d7dc5e56-ba3d-4b4f-b58f-13d24227d954	Cybersecurity
c0af0816-e957-4f64-8d5f-052141d1672e	UI/UX Design
3e426c90-9400-4387-b22b-afdfe499fbd2	DevOps
1e7e6270-5ad2-40a6-9dff-d776de212d92	Django
28446bed-6290-4ae1-870c-bbebf062dee4	Algorithmique
55299383-606b-4d62-b5d9-0eecc2775609	Kubernetes
3218a901-952b-46eb-bf8b-e7959dd9454f	AWS
\.


--
-- Data for Name: token_blacklist_outstandingtoken; Type: TABLE DATA; Schema: public; Owner: -
--

COPY public.token_blacklist_outstandingtoken (id, token, created_at, expires_at, user_id, jti) FROM stdin;
1	eyJhbGciOiJIUzI1NiIsInR5cCI6IkpXVCJ9.eyJ0b2tlbl90eXBlIjoicmVmcmVzaCIsImV4cCI6MTc4MzY5MDgwMSwiaWF0IjoxNzgxMDk4ODAxLCJqdGkiOiJiZmU5MmVkMTFlOWE0MDczYTAzOTNmYWE3N2FlYTI0NSIsInVzZXJfaWQiOiI1OGFmZTAzMS1hMWQzLTQxZWEtODE0Zi0xNmFlMzkzMzMzNDgifQ.w-ZGB2B6tqlvYoAChdDiwjYaPdFv0J2DfTEyrOHZJjQ	2026-06-10 13:40:01.830359+00	2026-07-10 13:40:01+00	\N	bfe92ed11e9a4073a0393faa77aea245
2	eyJhbGciOiJIUzI1NiIsInR5cCI6IkpXVCJ9.eyJ0b2tlbl90eXBlIjoicmVmcmVzaCIsImV4cCI6MTc4MzY5MzcxNywiaWF0IjoxNzgxMTAxNzE3LCJqdGkiOiIwOWVlMGYyYWVkOTk0MDk4YjQ0YjM4YTAwM2ZkOGI1YiIsInVzZXJfaWQiOiI0ZThjMWZjZi1hMTU2LTQ0ZjItYmYxNi05ZmEzYjM3ZDM5NzcifQ.SQGoQUQDMbxzQ_5M7tCA4fhpzaoOnRpjkPHBy86cUws	2026-06-10 14:28:37.434537+00	2026-07-10 14:28:37+00	4e8c1fcf-a156-44f2-bf16-9fa3b37d3977	09ee0f2aed994098b44b38a003fd8b5b
3	eyJhbGciOiJIUzI1NiIsInR5cCI6IkpXVCJ9.eyJ0b2tlbl90eXBlIjoicmVmcmVzaCIsImV4cCI6MTc4MzY5Mzc4NiwiaWF0IjoxNzgxMTAxNzg2LCJqdGkiOiI1NzFjY2I2YTc3NGE0MjVlYWRlZGQwZmQ4ZTI5NjcyYyIsInVzZXJfaWQiOiI0ZThjMWZjZi1hMTU2LTQ0ZjItYmYxNi05ZmEzYjM3ZDM5NzcifQ.TgB9Fb23x92ZxKLqBquOusDylu62SMSLHRp1mEW_62Q	2026-06-10 14:29:46.037081+00	2026-07-10 14:29:46+00	4e8c1fcf-a156-44f2-bf16-9fa3b37d3977	571ccb6a774a425eadedd0fd8e29672c
4	eyJhbGciOiJIUzI1NiIsInR5cCI6IkpXVCJ9.eyJ0b2tlbl90eXBlIjoicmVmcmVzaCIsImV4cCI6MTc4MzY5MzgwNiwiaWF0IjoxNzgxMTAxODA2LCJqdGkiOiJkOWE1MjVhMDc2ZTY0MzhhYjBlMmEwMGI4ZjU4OGM3ZiIsInVzZXJfaWQiOiI0ZThjMWZjZi1hMTU2LTQ0ZjItYmYxNi05ZmEzYjM3ZDM5NzcifQ.y5iV_X5Win3-ACfg0uGSbHhsysrqwKSrdrEj9L4rqs4	2026-06-10 14:30:06.597146+00	2026-07-10 14:30:06+00	4e8c1fcf-a156-44f2-bf16-9fa3b37d3977	d9a525a076e6438ab0e2a00b8f588c7f
5	eyJhbGciOiJIUzI1NiIsInR5cCI6IkpXVCJ9.eyJ0b2tlbl90eXBlIjoicmVmcmVzaCIsImV4cCI6MTc4MzY5NDg3NiwiaWF0IjoxNzgxMTAyODc2LCJqdGkiOiJiMWEwYWM1M2ZjOTU0MzJiYThkZTRjM2Y4NzhlM2YwMSIsInVzZXJfaWQiOiI0ZThjMWZjZi1hMTU2LTQ0ZjItYmYxNi05ZmEzYjM3ZDM5NzcifQ.grGnGdGtGMm6vw_ywIW1aEiT3RiaV0JD-kId-OSSzG4	2026-06-10 14:47:56.456153+00	2026-07-10 14:47:56+00	4e8c1fcf-a156-44f2-bf16-9fa3b37d3977	b1a0ac53fc95432ba8de4c3f878e3f01
6	eyJhbGciOiJIUzI1NiIsInR5cCI6IkpXVCJ9.eyJ0b2tlbl90eXBlIjoicmVmcmVzaCIsImV4cCI6MTc4MzY5NTYwOCwiaWF0IjoxNzgxMTAzNjA4LCJqdGkiOiJhZjRjMTkzMmNmOTQ0NzIzOTBlOTY0MzY4MzExYzM1MyIsInVzZXJfaWQiOiJjZDliZDU0My1iZWNmLTRhMTItYjY3Mi00N2JjZDBkNGM5NWUifQ.0pBlS4j_AjycoGAWPSMYl2qQaMUK20PLeXnHxvmgnFA	2026-06-10 15:00:08.126778+00	2026-07-10 15:00:08+00	cd9bd543-becf-4a12-b672-47bcd0d4c95e	af4c1932cf94472390e964368311c353
7	eyJhbGciOiJIUzI1NiIsInR5cCI6IkpXVCJ9.eyJ0b2tlbl90eXBlIjoicmVmcmVzaCIsImV4cCI6MTc4MzY5NjAyNiwiaWF0IjoxNzgxMTA0MDI2LCJqdGkiOiJlYjhhY2UwZTFkYWE0YzdlOTQzZmI3ZTc5OGRiYjdiNyIsInVzZXJfaWQiOiI0ZThjMWZjZi1hMTU2LTQ0ZjItYmYxNi05ZmEzYjM3ZDM5NzcifQ.rLHZy44goE0kE5Et8vyyjABl_eJYM3gwoTdtrOSQbHo	2026-06-10 15:07:06.627372+00	2026-07-10 15:07:06+00	4e8c1fcf-a156-44f2-bf16-9fa3b37d3977	eb8ace0e1daa4c7e943fb7e798dbb7b7
8	eyJhbGciOiJIUzI1NiIsInR5cCI6IkpXVCJ9.eyJ0b2tlbl90eXBlIjoicmVmcmVzaCIsImV4cCI6MTc4MzY5NjA1MCwiaWF0IjoxNzgxMTA0MDUwLCJqdGkiOiI0NGQ4MmI0ZWJlYmU0OWFhODExMGNiZjI5YWMyYmYyMyIsInVzZXJfaWQiOiJjZDliZDU0My1iZWNmLTRhMTItYjY3Mi00N2JjZDBkNGM5NWUifQ.Hx5ywkt4PubOicaW-y54B3Smcsk8K9LVZ2QNpZBKWlA	2026-06-10 15:07:30.399563+00	2026-07-10 15:07:30+00	cd9bd543-becf-4a12-b672-47bcd0d4c95e	44d82b4ebebe49aa8110cbf29ac2bf23
9	eyJhbGciOiJIUzI1NiIsInR5cCI6IkpXVCJ9.eyJ0b2tlbl90eXBlIjoicmVmcmVzaCIsImV4cCI6MTc4MzY5NjgwMSwiaWF0IjoxNzgxMTA0ODAxLCJqdGkiOiJkNmNjZWRlMzk0ZWU0OGM2YTdhM2Q5ZTAyZWY3NjMzNiIsInVzZXJfaWQiOiI0ZThjMWZjZi1hMTU2LTQ0ZjItYmYxNi05ZmEzYjM3ZDM5NzcifQ.9Yaa-YaIAsL91l9s0KqDxLlqcqhIK7kVPqSoydfS9jo	2026-06-10 15:20:01.137501+00	2026-07-10 15:20:01+00	4e8c1fcf-a156-44f2-bf16-9fa3b37d3977	d6ccede394ee48c6a7a3d9e02ef76336
10	eyJhbGciOiJIUzI1NiIsInR5cCI6IkpXVCJ9.eyJ0b2tlbl90eXBlIjoicmVmcmVzaCIsImV4cCI6MTc4MzY5Njg3MywiaWF0IjoxNzgxMTA0ODczLCJqdGkiOiI1ODc4N2NkNzY5NDU0M2RkOWEzYTQwZWEwMWI1MDhiOSIsInVzZXJfaWQiOiI0ZThjMWZjZi1hMTU2LTQ0ZjItYmYxNi05ZmEzYjM3ZDM5NzcifQ.IVLdrVFajAkyOGYxD9nYyx_rdV-sdpFc7QuYGVCJWbA	2026-06-10 15:21:13.595848+00	2026-07-10 15:21:13+00	4e8c1fcf-a156-44f2-bf16-9fa3b37d3977	58787cd7694543dd9a3a40ea01b508b9
11	eyJhbGciOiJIUzI1NiIsInR5cCI6IkpXVCJ9.eyJ0b2tlbl90eXBlIjoicmVmcmVzaCIsImV4cCI6MTc4MzY5NzE1NSwiaWF0IjoxNzgxMTA1MTU1LCJqdGkiOiJkM2Y1NDM3YjhmMTU0ZGM0YTY2MDY2MTJjZGE3NjYyZCIsInVzZXJfaWQiOiI0ZThjMWZjZi1hMTU2LTQ0ZjItYmYxNi05ZmEzYjM3ZDM5NzcifQ.FrOlCNpjD2k60hOjsbkluQGhyamj_9CDzboI1EGQR7s	2026-06-10 15:25:55.832105+00	2026-07-10 15:25:55+00	4e8c1fcf-a156-44f2-bf16-9fa3b37d3977	d3f5437b8f154dc4a6606612cda7662d
12	eyJhbGciOiJIUzI1NiIsInR5cCI6IkpXVCJ9.eyJ0b2tlbl90eXBlIjoicmVmcmVzaCIsImV4cCI6MTc4MzY5NzI1OCwiaWF0IjoxNzgxMTA1MjU4LCJqdGkiOiI0NmM4ZDc3YWIzODA0ODRkOTViZTAxZmRjYWYyODZkNiIsInVzZXJfaWQiOiI0ZThjMWZjZi1hMTU2LTQ0ZjItYmYxNi05ZmEzYjM3ZDM5NzcifQ.9sPlpQmtJIXaa99uUVwzMR0Eg0gufVn8SvZHY3LQSmg	2026-06-10 15:27:38.932199+00	2026-07-10 15:27:38+00	4e8c1fcf-a156-44f2-bf16-9fa3b37d3977	46c8d77ab380484d95be01fdcaf286d6
13	eyJhbGciOiJIUzI1NiIsInR5cCI6IkpXVCJ9.eyJ0b2tlbl90eXBlIjoicmVmcmVzaCIsImV4cCI6MTc4MzY5NzQ0NCwiaWF0IjoxNzgxMTA1NDQ0LCJqdGkiOiIyY2YyOTU0MjMxOGM0NGNhYTYyZTRjMjc2NmM2YmQ4YSIsInVzZXJfaWQiOiI0ZThjMWZjZi1hMTU2LTQ0ZjItYmYxNi05ZmEzYjM3ZDM5NzcifQ.lWGgRucPlRgLCBHSTEk58KAhkLYm5xPSXh80UsBAtPk	2026-06-10 15:30:44.513099+00	2026-07-10 15:30:44+00	4e8c1fcf-a156-44f2-bf16-9fa3b37d3977	2cf29542318c44caa62e4c2766c6bd8a
14	eyJhbGciOiJIUzI1NiIsInR5cCI6IkpXVCJ9.eyJ0b2tlbl90eXBlIjoicmVmcmVzaCIsImV4cCI6MTc4MzY5NzcyNywiaWF0IjoxNzgxMTA1NzI3LCJqdGkiOiJkMWY0NmViZjI0NWY0Yjk2YTQ1OGRiOWYzYzUxNmRlNCIsInVzZXJfaWQiOiI0ZThjMWZjZi1hMTU2LTQ0ZjItYmYxNi05ZmEzYjM3ZDM5NzcifQ.sPOiSJSgeHwFaz6P72FsxPSASaKd9mz1mebKDDIsGSY	2026-06-10 15:35:27.374982+00	2026-07-10 15:35:27+00	4e8c1fcf-a156-44f2-bf16-9fa3b37d3977	d1f46ebf245f4b96a458db9f3c516de4
15	eyJhbGciOiJIUzI1NiIsInR5cCI6IkpXVCJ9.eyJ0b2tlbl90eXBlIjoicmVmcmVzaCIsImV4cCI6MTc4MzY5Nzg5MSwiaWF0IjoxNzgxMTA1ODkxLCJqdGkiOiI2NWY1MWVmNTc2MGU0MTQ2ODEzMjc2M2UwNTk2MjcwNiIsInVzZXJfaWQiOiI0ZThjMWZjZi1hMTU2LTQ0ZjItYmYxNi05ZmEzYjM3ZDM5NzcifQ.uDHKCTdSUfqhI--KHENSvrxfazifKIB3fkpMlbwd5RY	2026-06-10 15:38:11.032774+00	2026-07-10 15:38:11+00	4e8c1fcf-a156-44f2-bf16-9fa3b37d3977	65f51ef5760e41468132763e05962706
16	eyJhbGciOiJIUzI1NiIsInR5cCI6IkpXVCJ9.eyJ0b2tlbl90eXBlIjoicmVmcmVzaCIsImV4cCI6MTc4MzY5NzkyNSwiaWF0IjoxNzgxMTA1OTI1LCJqdGkiOiJjOTZkMzJhZmU4YTA0MzFiYjhmZDkyNmM4YjE5OTBmMyIsInVzZXJfaWQiOiI0ZThjMWZjZi1hMTU2LTQ0ZjItYmYxNi05ZmEzYjM3ZDM5NzcifQ.cFoL3jW47BmBGD9vX-lUmU3Nc0IXivvzOu6SLjfhOrg	2026-06-10 15:38:45.508027+00	2026-07-10 15:38:45+00	4e8c1fcf-a156-44f2-bf16-9fa3b37d3977	c96d32afe8a0431bb8fd926c8b1990f3
17	eyJhbGciOiJIUzI1NiIsInR5cCI6IkpXVCJ9.eyJ0b2tlbl90eXBlIjoicmVmcmVzaCIsImV4cCI6MTc4MzY5Nzk0OSwiaWF0IjoxNzgxMTA1OTQ5LCJqdGkiOiJlY2Y4YTQwOWY1ZTU0MTYwYmIzMzMyYTc0OTk5ZTA0NCIsInVzZXJfaWQiOiI0ZThjMWZjZi1hMTU2LTQ0ZjItYmYxNi05ZmEzYjM3ZDM5NzcifQ.KVr8VQ2QcDtMdZkhh9Mh3TJ22PyRvd7f6MNzuHW2Edg	2026-06-10 15:39:09.880543+00	2026-07-10 15:39:09+00	4e8c1fcf-a156-44f2-bf16-9fa3b37d3977	ecf8a409f5e54160bb3332a74999e044
18	eyJhbGciOiJIUzI1NiIsInR5cCI6IkpXVCJ9.eyJ0b2tlbl90eXBlIjoicmVmcmVzaCIsImV4cCI6MTc4MzY5ODA5MCwiaWF0IjoxNzgxMTA2MDkwLCJqdGkiOiI5ZmJlOWNjOTRhNGQ0OTJlOTY2YTY0NjYwNmY2YTJmNCIsInVzZXJfaWQiOiI0ZThjMWZjZi1hMTU2LTQ0ZjItYmYxNi05ZmEzYjM3ZDM5NzcifQ.sI2Pxv6HQ293dzSHq7M6fWujI-_Qkrft93Ap_KHNOI4	2026-06-10 15:41:30.119385+00	2026-07-10 15:41:30+00	4e8c1fcf-a156-44f2-bf16-9fa3b37d3977	9fbe9cc94a4d492e966a646606f6a2f4
19	eyJhbGciOiJIUzI1NiIsInR5cCI6IkpXVCJ9.eyJ0b2tlbl90eXBlIjoicmVmcmVzaCIsImV4cCI6MTc4MzY5ODE3MSwiaWF0IjoxNzgxMTA2MTcxLCJqdGkiOiJkZWNkNGE1NGQzNDk0ZGRjYjgzYjlkOWRjNjhlM2RiZSIsInVzZXJfaWQiOiI0ZThjMWZjZi1hMTU2LTQ0ZjItYmYxNi05ZmEzYjM3ZDM5NzcifQ.LSvulmCWQ8KTshmoml4wbvAVuUc24Gp4i41aKdBNeCY	2026-06-10 15:42:51.348653+00	2026-07-10 15:42:51+00	4e8c1fcf-a156-44f2-bf16-9fa3b37d3977	decd4a54d3494ddcb83b9d9dc68e3dbe
20	eyJhbGciOiJIUzI1NiIsInR5cCI6IkpXVCJ9.eyJ0b2tlbl90eXBlIjoicmVmcmVzaCIsImV4cCI6MTc4MzY5ODMwOCwiaWF0IjoxNzgxMTA2MzA4LCJqdGkiOiJjYTQ2YTM0NTczZWM0MDQ4ODFiMTQ1ODFmZTk4ODk3MiIsInVzZXJfaWQiOiI0ZThjMWZjZi1hMTU2LTQ0ZjItYmYxNi05ZmEzYjM3ZDM5NzcifQ.paSDCjRITrOwaD1qnKV9RhiMDDtiLCxS6KSwXxnwilE	2026-06-10 15:45:08.215748+00	2026-07-10 15:45:08+00	4e8c1fcf-a156-44f2-bf16-9fa3b37d3977	ca46a34573ec404881b14581fe988972
21	eyJhbGciOiJIUzI1NiIsInR5cCI6IkpXVCJ9.eyJ0b2tlbl90eXBlIjoicmVmcmVzaCIsImV4cCI6MTc4MzY5ODgxMiwiaWF0IjoxNzgxMTA2ODEyLCJqdGkiOiI3ZmFkMTc5YWJhMjg0MzNiYmQ5ZWJkMzJlYjljNWEzYyIsInVzZXJfaWQiOiI0ZThjMWZjZi1hMTU2LTQ0ZjItYmYxNi05ZmEzYjM3ZDM5NzcifQ.Vmk5mt9fUDm7b_CIoIxLL4YuUIks1o3htkmnFy86Yjs	2026-06-10 15:53:32.759215+00	2026-07-10 15:53:32+00	4e8c1fcf-a156-44f2-bf16-9fa3b37d3977	7fad179aba28433bbd9ebd32eb9c5a3c
22	eyJhbGciOiJIUzI1NiIsInR5cCI6IkpXVCJ9.eyJ0b2tlbl90eXBlIjoicmVmcmVzaCIsImV4cCI6MTc4MzY5ODg0MSwiaWF0IjoxNzgxMTA2ODQxLCJqdGkiOiI2YzJmYmU5YmM5ODA0ZTk5YjkxNDE2ODA5OTFmMDE0NiIsInVzZXJfaWQiOiI0ZThjMWZjZi1hMTU2LTQ0ZjItYmYxNi05ZmEzYjM3ZDM5NzcifQ.aIN-OiwncXlJn87Nh8IqD2_ahtcdqjDm_woPfgJUz9M	2026-06-10 15:54:01.350193+00	2026-07-10 15:54:01+00	4e8c1fcf-a156-44f2-bf16-9fa3b37d3977	6c2fbe9bc9804e99b9141680991f0146
23	eyJhbGciOiJIUzI1NiIsInR5cCI6IkpXVCJ9.eyJ0b2tlbl90eXBlIjoicmVmcmVzaCIsImV4cCI6MTc4MzY5ODg4MywiaWF0IjoxNzgxMTA2ODgzLCJqdGkiOiI5MjkxMWZjNjMyMTU0M2NlYjEzZGQxNGNiZjgyZDg1NSIsInVzZXJfaWQiOiI0ZThjMWZjZi1hMTU2LTQ0ZjItYmYxNi05ZmEzYjM3ZDM5NzcifQ.qR6Zg9eoFq7RiB4_mHbEkGNXuh-0aU88HNiwjnYA_ig	2026-06-10 15:54:43.647533+00	2026-07-10 15:54:43+00	4e8c1fcf-a156-44f2-bf16-9fa3b37d3977	92911fc6321543ceb13dd14cbf82d855
24	eyJhbGciOiJIUzI1NiIsInR5cCI6IkpXVCJ9.eyJ0b2tlbl90eXBlIjoicmVmcmVzaCIsImV4cCI6MTc4MzY5OTAxMSwiaWF0IjoxNzgxMTA3MDExLCJqdGkiOiI0YWMwOTBlMTk0NjA0NmI2YTQ1NzI0MDAxNDgwMjQzNCIsInVzZXJfaWQiOiI0ZThjMWZjZi1hMTU2LTQ0ZjItYmYxNi05ZmEzYjM3ZDM5NzcifQ.hL40TrMv1i2O0pQVWXD231j_62pHgKIBLF5XzDp7aEc	2026-06-10 15:56:51.866684+00	2026-07-10 15:56:51+00	4e8c1fcf-a156-44f2-bf16-9fa3b37d3977	4ac090e1946046b6a457240014802434
25	eyJhbGciOiJIUzI1NiIsInR5cCI6IkpXVCJ9.eyJ0b2tlbl90eXBlIjoicmVmcmVzaCIsImV4cCI6MTc4MzY5OTAxMSwiaWF0IjoxNzgxMTA3MDExLCJqdGkiOiJiNmFjOTFjMDYzN2U0ZjJkOWYxMWMzMzBjMGVkYzRlMyIsInVzZXJfaWQiOiI0ZThjMWZjZi1hMTU2LTQ0ZjItYmYxNi05ZmEzYjM3ZDM5NzcifQ.Ov4bUpGXwPwR6PDsQ6P-PosPnuETDPJg3gbZtWcTerc	2026-06-10 15:56:51.890873+00	2026-07-10 15:56:51+00	4e8c1fcf-a156-44f2-bf16-9fa3b37d3977	b6ac91c0637e4f2d9f11c330c0edc4e3
26	eyJhbGciOiJIUzI1NiIsInR5cCI6IkpXVCJ9.eyJ0b2tlbl90eXBlIjoicmVmcmVzaCIsImV4cCI6MTc4MzY5OTQ0OSwiaWF0IjoxNzgxMTA3NDQ5LCJqdGkiOiJjNzVlOGNjZTkwNjQ0ODk2YWU4Njc4NTkwMjkyNjdmNCIsInVzZXJfaWQiOiI0ZThjMWZjZi1hMTU2LTQ0ZjItYmYxNi05ZmEzYjM3ZDM5NzcifQ.rJBjrGhvkB4XBy_DnCDPGG7x3CQ0AXm5e7Y32NLFVK4	2026-06-10 16:04:09.970709+00	2026-07-10 16:04:09+00	4e8c1fcf-a156-44f2-bf16-9fa3b37d3977	c75e8cce90644896ae867859029267f4
27	eyJhbGciOiJIUzI1NiIsInR5cCI6IkpXVCJ9.eyJ0b2tlbl90eXBlIjoicmVmcmVzaCIsImV4cCI6MTc4MzY5OTUzOCwiaWF0IjoxNzgxMTA3NTM4LCJqdGkiOiJjNzNkMTE2OTg1ODY0ZGY5YmM3NGMxODliZThjNDcxZSIsInVzZXJfaWQiOiI0ZThjMWZjZi1hMTU2LTQ0ZjItYmYxNi05ZmEzYjM3ZDM5NzcifQ.bFGK87H3hFgsgnZjPUbYQgTQMQHfEqLPwqt3xLUsvys	2026-06-10 16:05:38.622497+00	2026-07-10 16:05:38+00	4e8c1fcf-a156-44f2-bf16-9fa3b37d3977	c73d116985864df9bc74c189be8c471e
28	eyJhbGciOiJIUzI1NiIsInR5cCI6IkpXVCJ9.eyJ0b2tlbl90eXBlIjoicmVmcmVzaCIsImV4cCI6MTc4MzY5OTU3MSwiaWF0IjoxNzgxMTA3NTcxLCJqdGkiOiI5ZjNjYjlhMzFlMmY0OWQ3OWJlNTBmZWJmM2I0NDQ1NiIsInVzZXJfaWQiOiI0ZThjMWZjZi1hMTU2LTQ0ZjItYmYxNi05ZmEzYjM3ZDM5NzcifQ.7YPuZIeQtD67ivXVPgLGD4WXrKw8c1KvJxLbjuoeG_A	2026-06-10 16:06:11.078754+00	2026-07-10 16:06:11+00	4e8c1fcf-a156-44f2-bf16-9fa3b37d3977	9f3cb9a31e2f49d79be50febf3b44456
29	eyJhbGciOiJIUzI1NiIsInR5cCI6IkpXVCJ9.eyJ0b2tlbl90eXBlIjoicmVmcmVzaCIsImV4cCI6MTc4MzY5OTY3MywiaWF0IjoxNzgxMTA3NjczLCJqdGkiOiJlOGQ4Y2ZlMGJjOTc0MzdhODE0MzY0Y2VjM2MzZTNkMiIsInVzZXJfaWQiOiI0ZThjMWZjZi1hMTU2LTQ0ZjItYmYxNi05ZmEzYjM3ZDM5NzcifQ.0XdgB566EDC1F2gJyQTMSCtTptvAi4Y4w00VZ4uWfAQ	2026-06-10 16:07:53.775757+00	2026-07-10 16:07:53+00	4e8c1fcf-a156-44f2-bf16-9fa3b37d3977	e8d8cfe0bc97437a814364cec3c3e3d2
30	eyJhbGciOiJIUzI1NiIsInR5cCI6IkpXVCJ9.eyJ0b2tlbl90eXBlIjoicmVmcmVzaCIsImV4cCI6MTc4MzY5OTY3MywiaWF0IjoxNzgxMTA3NjczLCJqdGkiOiI1OTEwYTI2YWZmZTA0M2FlODdkM2ZlMDQzNWY3N2YzMSIsInVzZXJfaWQiOiI0ZThjMWZjZi1hMTU2LTQ0ZjItYmYxNi05ZmEzYjM3ZDM5NzcifQ.Ls36oQKB1A87LYlmvD0HoXl0KSL08wobDCnFl1aAAgI	2026-06-10 16:07:53.833498+00	2026-07-10 16:07:53+00	4e8c1fcf-a156-44f2-bf16-9fa3b37d3977	5910a26affe043ae87d3fe0435f77f31
31	eyJhbGciOiJIUzI1NiIsInR5cCI6IkpXVCJ9.eyJ0b2tlbl90eXBlIjoicmVmcmVzaCIsImV4cCI6MTc4MzY5OTY3NywiaWF0IjoxNzgxMTA3Njc3LCJqdGkiOiIxZWNmNjJiNTllYWE0ZDU1YTM4MzM2ZGIwYmE5YzY4ZiIsInVzZXJfaWQiOiI0ZThjMWZjZi1hMTU2LTQ0ZjItYmYxNi05ZmEzYjM3ZDM5NzcifQ.g57wVpxf6HNhvL1NbrTAleUZb86THxqUY7GkYa_5CnI	2026-06-10 16:07:57.047243+00	2026-07-10 16:07:57+00	4e8c1fcf-a156-44f2-bf16-9fa3b37d3977	1ecf62b59eaa4d55a38336db0ba9c68f
32	eyJhbGciOiJIUzI1NiIsInR5cCI6IkpXVCJ9.eyJ0b2tlbl90eXBlIjoicmVmcmVzaCIsImV4cCI6MTc4MzY5OTcxMCwiaWF0IjoxNzgxMTA3NzEwLCJqdGkiOiIzYjI4NzI0M2FiZDk0NzA1OTMzMjIzNjNiNWUzYzZkNCIsInVzZXJfaWQiOiIzZjFmMTU3ZC05OGY2LTQ5MDctOGM3Yy0xNjVlNTczYTE4NmEifQ.FxWctiWUr84ZMKxeIGLTbf-hSLFGGDaLurh4mUGJIoc	2026-06-10 16:08:30.747099+00	2026-07-10 16:08:30+00	3f1f157d-98f6-4907-8c7c-165e573a186a	3b287243abd9470593322363b5e3c6d4
33	eyJhbGciOiJIUzI1NiIsInR5cCI6IkpXVCJ9.eyJ0b2tlbl90eXBlIjoicmVmcmVzaCIsImV4cCI6MTc4MzY5OTg2NywiaWF0IjoxNzgxMTA3ODY3LCJqdGkiOiI1MjFhODgzYmVjYzQ0MmIxODQ0ODM5MjYwZDdlYTc4NCIsInVzZXJfaWQiOiI0ZThjMWZjZi1hMTU2LTQ0ZjItYmYxNi05ZmEzYjM3ZDM5NzcifQ.LJqGBz8iuzXA0dagyBYagyr1OkOD6rtECrIQSCtS-sc	2026-06-10 16:11:07.043585+00	2026-07-10 16:11:07+00	4e8c1fcf-a156-44f2-bf16-9fa3b37d3977	521a883becc442b1844839260d7ea784
34	eyJhbGciOiJIUzI1NiIsInR5cCI6IkpXVCJ9.eyJ0b2tlbl90eXBlIjoicmVmcmVzaCIsImV4cCI6MTc4MzY5OTg4NywiaWF0IjoxNzgxMTA3ODg3LCJqdGkiOiIxMWM2ZTY5ZmJmODA0YmMyOWUwM2VkODkwOTRlZGJhOSIsInVzZXJfaWQiOiI0ZThjMWZjZi1hMTU2LTQ0ZjItYmYxNi05ZmEzYjM3ZDM5NzcifQ.3tFm74ooUzdgYsX5aXfg7UWtIg_Zy3x0bElx4pAzsxI	2026-06-10 16:11:27.048256+00	2026-07-10 16:11:27+00	4e8c1fcf-a156-44f2-bf16-9fa3b37d3977	11c6e69fbf804bc29e03ed89094edba9
35	eyJhbGciOiJIUzI1NiIsInR5cCI6IkpXVCJ9.eyJ0b2tlbl90eXBlIjoicmVmcmVzaCIsImV4cCI6MTc4MzcwMDI2OSwiaWF0IjoxNzgxMTA4MjY5LCJqdGkiOiI0OGNjMjVlNWI3YjQ0MmQwYTgzMDJiYTVhMWQ0NGRjZCIsInVzZXJfaWQiOiI0ZThjMWZjZi1hMTU2LTQ0ZjItYmYxNi05ZmEzYjM3ZDM5NzcifQ.fuBRx2b-mu3a8hQYvKy4tvHqC--sGxwvrg0Q6q9brBs	2026-06-10 16:17:49.846001+00	2026-07-10 16:17:49+00	4e8c1fcf-a156-44f2-bf16-9fa3b37d3977	48cc25e5b7b442d0a8302ba5a1d44dcd
36	eyJhbGciOiJIUzI1NiIsInR5cCI6IkpXVCJ9.eyJ0b2tlbl90eXBlIjoicmVmcmVzaCIsImV4cCI6MTc4MzcwMDUxNywiaWF0IjoxNzgxMTA4NTE3LCJqdGkiOiJmNjFkMjdkMjQwZDI0NTI3YjJlODllYTExZmEzOWVkNiIsInVzZXJfaWQiOiI0ZThjMWZjZi1hMTU2LTQ0ZjItYmYxNi05ZmEzYjM3ZDM5NzcifQ.S-L_Jg9_rdPNCnZb7KJ826k9xFdT95YIt0pLqHbOygE	2026-06-10 16:21:57.994702+00	2026-07-10 16:21:57+00	4e8c1fcf-a156-44f2-bf16-9fa3b37d3977	f61d27d240d24527b2e89ea11fa39ed6
37	eyJhbGciOiJIUzI1NiIsInR5cCI6IkpXVCJ9.eyJ0b2tlbl90eXBlIjoicmVmcmVzaCIsImV4cCI6MTc4MzcwMDU1MywiaWF0IjoxNzgxMTA4NTUzLCJqdGkiOiJjMjFmZjhkOTZkYTY0ZGE4YTMzNjI1NmFjNGQxOGYzNyIsInVzZXJfaWQiOiI0ZThjMWZjZi1hMTU2LTQ0ZjItYmYxNi05ZmEzYjM3ZDM5NzcifQ.oK4Es7lf1ZwdbVGhwNRy00a_P-RmH8Ay3NW0Ch1jkvQ	2026-06-10 16:22:33.654683+00	2026-07-10 16:22:33+00	4e8c1fcf-a156-44f2-bf16-9fa3b37d3977	c21ff8d96da64da8a336256ac4d18f37
38	eyJhbGciOiJIUzI1NiIsInR5cCI6IkpXVCJ9.eyJ0b2tlbl90eXBlIjoicmVmcmVzaCIsImV4cCI6MTc4MzcwMDYxMCwiaWF0IjoxNzgxMTA4NjEwLCJqdGkiOiJjM2ZjZWUzNWZhZTc0NzVmYThhZjUzYjE4MzI1OTQzNiIsInVzZXJfaWQiOiI0ZThjMWZjZi1hMTU2LTQ0ZjItYmYxNi05ZmEzYjM3ZDM5NzcifQ.ngFIHo0gNnC1LgjjORgjg59H01OHKYxROjS3olWFSkg	2026-06-10 16:23:30.255532+00	2026-07-10 16:23:30+00	4e8c1fcf-a156-44f2-bf16-9fa3b37d3977	c3fcee35fae7475fa8af53b183259436
39	eyJhbGciOiJIUzI1NiIsInR5cCI6IkpXVCJ9.eyJ0b2tlbl90eXBlIjoicmVmcmVzaCIsImV4cCI6MTc4MzcwMDY1MSwiaWF0IjoxNzgxMTA4NjUxLCJqdGkiOiIzMWIwYmNhN2ZlNTU0MmQ3OGY0MzA1NmE1YTQ5YTBhMyIsInVzZXJfaWQiOiI0ZThjMWZjZi1hMTU2LTQ0ZjItYmYxNi05ZmEzYjM3ZDM5NzcifQ.uZvORtGbsGSyoG3N2iWtR9QgEFN7fcVPXMpuRTBa_KI	2026-06-10 16:24:11.643281+00	2026-07-10 16:24:11+00	4e8c1fcf-a156-44f2-bf16-9fa3b37d3977	31b0bca7fe5542d78f43056a5a49a0a3
40	eyJhbGciOiJIUzI1NiIsInR5cCI6IkpXVCJ9.eyJ0b2tlbl90eXBlIjoicmVmcmVzaCIsImV4cCI6MTc4MzcwMDY1MiwiaWF0IjoxNzgxMTA4NjUyLCJqdGkiOiIzNDkxZDI4MWUzN2I0NGQ2YjFjMzY4MTdlMmIwNDc5NSIsInVzZXJfaWQiOiIzZjFmMTU3ZC05OGY2LTQ5MDctOGM3Yy0xNjVlNTczYTE4NmEifQ.yksuQODNzhLg--ICion2_Ll1Uh9Th77sWvIQk13ZTmA	2026-06-10 16:24:12.438939+00	2026-07-10 16:24:12+00	3f1f157d-98f6-4907-8c7c-165e573a186a	3491d281e37b44d6b1c36817e2b04795
41	eyJhbGciOiJIUzI1NiIsInR5cCI6IkpXVCJ9.eyJ0b2tlbl90eXBlIjoicmVmcmVzaCIsImV4cCI6MTc4MzcwMDY4OSwiaWF0IjoxNzgxMTA4Njg5LCJqdGkiOiI1MzljOTU3MzQyMzQ0ZjliOTNhNDAxNTAxNjliNjQ2OCIsInVzZXJfaWQiOiI0ZThjMWZjZi1hMTU2LTQ0ZjItYmYxNi05ZmEzYjM3ZDM5NzcifQ.Rs9MWEr8dLT8ZKJ7NesUtuE-T6pvjYY4fzz3XNUhA7g	2026-06-10 16:24:49.421299+00	2026-07-10 16:24:49+00	4e8c1fcf-a156-44f2-bf16-9fa3b37d3977	539c957342344f9b93a40150169b6468
42	eyJhbGciOiJIUzI1NiIsInR5cCI6IkpXVCJ9.eyJ0b2tlbl90eXBlIjoicmVmcmVzaCIsImV4cCI6MTc4MzcwMDY5MCwiaWF0IjoxNzgxMTA4NjkwLCJqdGkiOiI5YmQ5ZDM4NmIyODQ0ZTAzOTRjNjAyMmZlMGU5MzY2ZiIsInVzZXJfaWQiOiIzZjFmMTU3ZC05OGY2LTQ5MDctOGM3Yy0xNjVlNTczYTE4NmEifQ.0rPYVxdDXzjk3eAfXWR2vod8foUZQY0GNHMR3_FMXmI	2026-06-10 16:24:50.138832+00	2026-07-10 16:24:50+00	3f1f157d-98f6-4907-8c7c-165e573a186a	9bd9d386b2844e0394c6022fe0e9366f
43	eyJhbGciOiJIUzI1NiIsInR5cCI6IkpXVCJ9.eyJ0b2tlbl90eXBlIjoicmVmcmVzaCIsImV4cCI6MTc4MzcwMDY5OSwiaWF0IjoxNzgxMTA4Njk5LCJqdGkiOiI3NWY4NmY3OTIwOTU0Y2RmYjQ2MDkzMWU4NWNjZGZlMCIsInVzZXJfaWQiOiI0ZThjMWZjZi1hMTU2LTQ0ZjItYmYxNi05ZmEzYjM3ZDM5NzcifQ.jFqEsPtek1fw0Ja876GvD978_DmA2iDWlFsccdn85fc	2026-06-10 16:24:59.573676+00	2026-07-10 16:24:59+00	4e8c1fcf-a156-44f2-bf16-9fa3b37d3977	75f86f7920954cdfb460931e85ccdfe0
44	eyJhbGciOiJIUzI1NiIsInR5cCI6IkpXVCJ9.eyJ0b2tlbl90eXBlIjoicmVmcmVzaCIsImV4cCI6MTc4MzcwMDcyMywiaWF0IjoxNzgxMTA4NzIzLCJqdGkiOiIwNDhmNzk3ZGRlZTI0NGE0YTIzMTM5Y2JmYjA3ODdiMyIsInVzZXJfaWQiOiI0ZThjMWZjZi1hMTU2LTQ0ZjItYmYxNi05ZmEzYjM3ZDM5NzcifQ.LXpjUwa_PB3gcrAd42YduelIgZ9HgLKvYhhIMkeXnFY	2026-06-10 16:25:23.376347+00	2026-07-10 16:25:23+00	4e8c1fcf-a156-44f2-bf16-9fa3b37d3977	048f797ddee244a4a23139cbfb0787b3
45	eyJhbGciOiJIUzI1NiIsInR5cCI6IkpXVCJ9.eyJ0b2tlbl90eXBlIjoicmVmcmVzaCIsImV4cCI6MTc4MzcwMDc1NSwiaWF0IjoxNzgxMTA4NzU1LCJqdGkiOiIxZjdmODI4Mjk1ZmI0OTY0OGNiYzYzZDNlNTczNzQ1ZSIsInVzZXJfaWQiOiI0ZThjMWZjZi1hMTU2LTQ0ZjItYmYxNi05ZmEzYjM3ZDM5NzcifQ.JIDQJz92t5NhAQuv8QEaywYzM00WPkx75XcSROY6224	2026-06-10 16:25:55.778244+00	2026-07-10 16:25:55+00	4e8c1fcf-a156-44f2-bf16-9fa3b37d3977	1f7f828295fb49648cbc63d3e573745e
46	eyJhbGciOiJIUzI1NiIsInR5cCI6IkpXVCJ9.eyJ0b2tlbl90eXBlIjoicmVmcmVzaCIsImV4cCI6MTc4MzcwMDkxMCwiaWF0IjoxNzgxMTA4OTEwLCJqdGkiOiJlZDI0MzEwNTljMzc0YWJmYWY3MjZjMmFiMmZjNDhlZiIsInVzZXJfaWQiOiI0ZThjMWZjZi1hMTU2LTQ0ZjItYmYxNi05ZmEzYjM3ZDM5NzcifQ.wS3dz0UkHXL9XcyUQ3dRe3tbac4aPAszlh4m6Q5_96k	2026-06-10 16:28:30.109407+00	2026-07-10 16:28:30+00	4e8c1fcf-a156-44f2-bf16-9fa3b37d3977	ed2431059c374abfaf726c2ab2fc48ef
47	eyJhbGciOiJIUzI1NiIsInR5cCI6IkpXVCJ9.eyJ0b2tlbl90eXBlIjoicmVmcmVzaCIsImV4cCI6MTc4MzcwMDkxMCwiaWF0IjoxNzgxMTA4OTEwLCJqdGkiOiI0MTk0ZGQ2Yjg4ZWE0N2ZjOWJhY2EzZGIzOWQ4ODI3NSIsInVzZXJfaWQiOiIzZjFmMTU3ZC05OGY2LTQ5MDctOGM3Yy0xNjVlNTczYTE4NmEifQ.D4UYI2ruGzD5h2WGqteq_E0OvMrBDxCzj4FeaOc9m_c	2026-06-10 16:28:30.975436+00	2026-07-10 16:28:30+00	3f1f157d-98f6-4907-8c7c-165e573a186a	4194dd6b88ea47fc9baca3db39d88275
48	eyJhbGciOiJIUzI1NiIsInR5cCI6IkpXVCJ9.eyJ0b2tlbl90eXBlIjoicmVmcmVzaCIsImV4cCI6MTc4MzcwMDk1MCwiaWF0IjoxNzgxMTA4OTUwLCJqdGkiOiJiMTFjMjE5NDMyMzU0ZThhODc0ZjNjMzNjZDU4YWRlYyIsInVzZXJfaWQiOiI0ZThjMWZjZi1hMTU2LTQ0ZjItYmYxNi05ZmEzYjM3ZDM5NzcifQ.fhjnJ4TSkd-c8dcj3Qp_4YZasgu3RPCyRz7ZQKnd3NA	2026-06-10 16:29:10.0409+00	2026-07-10 16:29:10+00	4e8c1fcf-a156-44f2-bf16-9fa3b37d3977	b11c219432354e8a874f3c33cd58adec
49	eyJhbGciOiJIUzI1NiIsInR5cCI6IkpXVCJ9.eyJ0b2tlbl90eXBlIjoicmVmcmVzaCIsImV4cCI6MTc4MzcwMTA3OCwiaWF0IjoxNzgxMTA5MDc4LCJqdGkiOiJiMjE1YzdjZGQ0ZDQ0YmM2YjY4ZDQzODI5YjM1MjUzNSIsInVzZXJfaWQiOiI0ZThjMWZjZi1hMTU2LTQ0ZjItYmYxNi05ZmEzYjM3ZDM5NzcifQ.QNf0tR-bHpJqqTWEMyAb1lIxYTF_HNFS2vUii1nwlhs	2026-06-10 16:31:18.908484+00	2026-07-10 16:31:18+00	4e8c1fcf-a156-44f2-bf16-9fa3b37d3977	b215c7cdd4d44bc6b68d43829b352535
50	eyJhbGciOiJIUzI1NiIsInR5cCI6IkpXVCJ9.eyJ0b2tlbl90eXBlIjoicmVmcmVzaCIsImV4cCI6MTc4MzcwMTA3OSwiaWF0IjoxNzgxMTA5MDc5LCJqdGkiOiJlOTE4OWRlMGZiNjY0MTU2YjY0NzYzMTYwMTc0N2QzNCIsInVzZXJfaWQiOiI0ZThjMWZjZi1hMTU2LTQ0ZjItYmYxNi05ZmEzYjM3ZDM5NzcifQ.sEGwr5ckSPA96ATrv23ZsOTgrdZwYPh9g5ymH4Q-e7s	2026-06-10 16:31:19.015516+00	2026-07-10 16:31:19+00	4e8c1fcf-a156-44f2-bf16-9fa3b37d3977	e9189de0fb664156b647631601747d34
51	eyJhbGciOiJIUzI1NiIsInR5cCI6IkpXVCJ9.eyJ0b2tlbl90eXBlIjoicmVmcmVzaCIsImV4cCI6MTc4MzcwMTA3OSwiaWF0IjoxNzgxMTA5MDc5LCJqdGkiOiI4ODcyMjg2YTAzYTI0YWYxYjY2ODg3ODQ5MDk2NzFlZiIsInVzZXJfaWQiOiIzZjFmMTU3ZC05OGY2LTQ5MDctOGM3Yy0xNjVlNTczYTE4NmEifQ.2LqHMSd3ut4UtY3cWlCnrfRnIcxgg4yP61FnaApzwRU	2026-06-10 16:31:19.92392+00	2026-07-10 16:31:19+00	3f1f157d-98f6-4907-8c7c-165e573a186a	8872286a03a24af1b6688784909671ef
52	eyJhbGciOiJIUzI1NiIsInR5cCI6IkpXVCJ9.eyJ0b2tlbl90eXBlIjoicmVmcmVzaCIsImV4cCI6MTc4MzcwMTE2MCwiaWF0IjoxNzgxMTA5MTYwLCJqdGkiOiIyNGE4M2QwN2RmNTI0NGEwODMyMmEyM2RlYjJlM2MyMCIsInVzZXJfaWQiOiI0ZThjMWZjZi1hMTU2LTQ0ZjItYmYxNi05ZmEzYjM3ZDM5NzcifQ.KTRw_JHRLtvuRI0MLN_5kmPR1Yp0ZT8Yx96xscPs73w	2026-06-10 16:32:40.268241+00	2026-07-10 16:32:40+00	4e8c1fcf-a156-44f2-bf16-9fa3b37d3977	24a83d07df5244a08322a23deb2e3c20
53	eyJhbGciOiJIUzI1NiIsInR5cCI6IkpXVCJ9.eyJ0b2tlbl90eXBlIjoicmVmcmVzaCIsImV4cCI6MTc4MzcwMTM2MSwiaWF0IjoxNzgxMTA5MzYxLCJqdGkiOiIwYjY3Mjk2ZjdlOTI0YzdjOTVhYTIwOTJlNTk5MWNkMiIsInVzZXJfaWQiOiI0ZThjMWZjZi1hMTU2LTQ0ZjItYmYxNi05ZmEzYjM3ZDM5NzcifQ.ytnDxll-r6SczhFrvcw1U62ncD_ysLE9b-cxzTD3P9w	2026-06-10 16:36:01.049704+00	2026-07-10 16:36:01+00	4e8c1fcf-a156-44f2-bf16-9fa3b37d3977	0b67296f7e924c7c95aa2092e5991cd2
54	eyJhbGciOiJIUzI1NiIsInR5cCI6IkpXVCJ9.eyJ0b2tlbl90eXBlIjoicmVmcmVzaCIsImV4cCI6MTc4MzcwMTU0NCwiaWF0IjoxNzgxMTA5NTQ0LCJqdGkiOiI0ZTU5NTVlMzEyOWI0MjM1ODQzZjYzMTI3MGI0NzlkOSIsInVzZXJfaWQiOiI0ZThjMWZjZi1hMTU2LTQ0ZjItYmYxNi05ZmEzYjM3ZDM5NzcifQ.d2wMvlEssIgd_McgcsSmcvPE_yJRver8FtYXN-N0F8I	2026-06-10 16:39:04.950601+00	2026-07-10 16:39:04+00	4e8c1fcf-a156-44f2-bf16-9fa3b37d3977	4e5955e3129b4235843f631270b479d9
55	eyJhbGciOiJIUzI1NiIsInR5cCI6IkpXVCJ9.eyJ0b2tlbl90eXBlIjoicmVmcmVzaCIsImV4cCI6MTc4MzcwMTYzNCwiaWF0IjoxNzgxMTA5NjM0LCJqdGkiOiI4ODkwNzg3MjhhNWQ0ZDFlODM2ZDgzMzM2YzBkMzAyNCIsInVzZXJfaWQiOiI0ZThjMWZjZi1hMTU2LTQ0ZjItYmYxNi05ZmEzYjM3ZDM5NzcifQ.1ILEYaAb-fsqX1z6ZspAES7_bHrI2eDS9aozcYU91j4	2026-06-10 16:40:34.542566+00	2026-07-10 16:40:34+00	4e8c1fcf-a156-44f2-bf16-9fa3b37d3977	889078728a5d4d1e836d83336c0d3024
56	eyJhbGciOiJIUzI1NiIsInR5cCI6IkpXVCJ9.eyJ0b2tlbl90eXBlIjoicmVmcmVzaCIsImV4cCI6MTc4MzcwMzMzMSwiaWF0IjoxNzgxMTExMzMxLCJqdGkiOiI2MDU0NjcyMDZhYjM0YTI3YmM5ODA5YTgzYzhlM2VkNiIsInVzZXJfaWQiOiJjMTU2ZmRlOS1jNWRiLTQ5ZDYtYmQ1OC0yODQ0ZmQ0ZWYwMjEifQ.XnQ_-e5QGgeo9zGFWls3PEdp89SmccGxsxQevnN8Cgk	2026-06-10 17:08:51.443154+00	2026-07-10 17:08:51+00	c156fde9-c5db-49d6-bd58-2844fd4ef021	605467206ab34a27bc9809a83c8e3ed6
57	eyJhbGciOiJIUzI1NiIsInR5cCI6IkpXVCJ9.eyJ0b2tlbl90eXBlIjoicmVmcmVzaCIsImV4cCI6MTc4MzcwMzM1MiwiaWF0IjoxNzgxMTExMzUyLCJqdGkiOiI2ZGY5MmY4Yjk1OTM0YWRjYmYzODM0ZjMwZGRkYjMxMSIsInVzZXJfaWQiOiJjMTU2ZmRlOS1jNWRiLTQ5ZDYtYmQ1OC0yODQ0ZmQ0ZWYwMjEifQ.VTjxvdHbZEexwdmDMfj3NFectgYRszzSHUFnCuQm3I0	2026-06-10 17:09:12.662457+00	2026-07-10 17:09:12+00	c156fde9-c5db-49d6-bd58-2844fd4ef021	6df92f8b95934adcbf3834f30dddb311
58	eyJhbGciOiJIUzI1NiIsInR5cCI6IkpXVCJ9.eyJ0b2tlbl90eXBlIjoicmVmcmVzaCIsImV4cCI6MTc4MzcwNDExMywiaWF0IjoxNzgxMTEyMTEzLCJqdGkiOiIyMjYyNWVmYzRhNDQ0ZmY4OWI5ZmQ1N2JiMTU1OWYxMiIsInVzZXJfaWQiOiJjZDliZDU0My1iZWNmLTRhMTItYjY3Mi00N2JjZDBkNGM5NWUifQ.N8JjMoJu0apUov7_M_c-ic7XHrEy39rKTrOabRsWwbs	2026-06-10 17:21:53.077193+00	2026-07-10 17:21:53+00	cd9bd543-becf-4a12-b672-47bcd0d4c95e	22625efc4a444ff89b9fd57bb1559f12
59	eyJhbGciOiJIUzI1NiIsInR5cCI6IkpXVCJ9.eyJ0b2tlbl90eXBlIjoicmVmcmVzaCIsImV4cCI6MTc4MzcwNDI2MSwiaWF0IjoxNzgxMTEyMjYxLCJqdGkiOiJkM2MxOWViNDAyM2Y0ZDFkOWM5YzY2MGM2YmY3Yzc4ZSIsInVzZXJfaWQiOiI0ZThjMWZjZi1hMTU2LTQ0ZjItYmYxNi05ZmEzYjM3ZDM5NzcifQ.CwM4kx71GRP5imikE213e-w_vaPfupeQaYGu-Q-83K0	2026-06-10 17:24:21.90937+00	2026-07-10 17:24:21+00	4e8c1fcf-a156-44f2-bf16-9fa3b37d3977	d3c19eb4023f4d1d9c9c660c6bf7c78e
60	eyJhbGciOiJIUzI1NiIsInR5cCI6IkpXVCJ9.eyJ0b2tlbl90eXBlIjoicmVmcmVzaCIsImV4cCI6MTc4MzcwNDQxMSwiaWF0IjoxNzgxMTEyNDExLCJqdGkiOiIwMTM1ODlkYzJjODA0OTI4ODUwM2RjOWNhYmM5YjE5YiIsInVzZXJfaWQiOiI0ZThjMWZjZi1hMTU2LTQ0ZjItYmYxNi05ZmEzYjM3ZDM5NzcifQ.ZW4ZSKWCIzmLk4vLJmMn4hs__WYVGA5SoWwnJ3J33X8	2026-06-10 17:26:51.701719+00	2026-07-10 17:26:51+00	4e8c1fcf-a156-44f2-bf16-9fa3b37d3977	013589dc2c8049288503dc9cabc9b19b
61	eyJhbGciOiJIUzI1NiIsInR5cCI6IkpXVCJ9.eyJ0b2tlbl90eXBlIjoicmVmcmVzaCIsImV4cCI6MTc4MzcwNjQ4OCwiaWF0IjoxNzgxMTE0NDg4LCJqdGkiOiI4ZmRiOGZhNWY2Y2Q0MjgxYTM4NDU3ZDE3M2QwMDk3ZiIsInVzZXJfaWQiOiI0ZThjMWZjZi1hMTU2LTQ0ZjItYmYxNi05ZmEzYjM3ZDM5NzcifQ.HidBXrT-zwN99bXNCEY0voNZFBmoygRwiTt9PjVgYp8	2026-06-10 18:01:28.75856+00	2026-07-10 18:01:28+00	4e8c1fcf-a156-44f2-bf16-9fa3b37d3977	8fdb8fa5f6cd4281a38457d173d0097f
62	eyJhbGciOiJIUzI1NiIsInR5cCI6IkpXVCJ9.eyJ0b2tlbl90eXBlIjoicmVmcmVzaCIsImV4cCI6MTc4MzcwNjU3NCwiaWF0IjoxNzgxMTE0NTc0LCJqdGkiOiI1NDc3YTdhYzBkODU0YjIxYjhlODZlNTkwMGI1ZTAzNyIsInVzZXJfaWQiOiI0ZThjMWZjZi1hMTU2LTQ0ZjItYmYxNi05ZmEzYjM3ZDM5NzcifQ.LIa_q_EQxcEyBgZIUHvznskeFXpzvedRPQgTUOkwtn4	2026-06-10 18:02:54.228877+00	2026-07-10 18:02:54+00	4e8c1fcf-a156-44f2-bf16-9fa3b37d3977	5477a7ac0d854b21b8e86e5900b5e037
63	eyJhbGciOiJIUzI1NiIsInR5cCI6IkpXVCJ9.eyJ0b2tlbl90eXBlIjoicmVmcmVzaCIsImV4cCI6MTc4Mzc4MzQ1NywiaWF0IjoxNzgxMTkxNDU3LCJqdGkiOiJkZmNmMmU5MjZjZjM0MWYyOWM5NmVjMzg2MTk1MDFkNCIsInVzZXJfaWQiOiJjZDliZDU0My1iZWNmLTRhMTItYjY3Mi00N2JjZDBkNGM5NWUifQ.k_JJPFWNN4azlepTVKqLXdodjve11lVnNPJzALACW9A	2026-06-11 15:24:17.330784+00	2026-07-11 15:24:17+00	cd9bd543-becf-4a12-b672-47bcd0d4c95e	dfcf2e926cf341f29c96ec38619501d4
64	eyJhbGciOiJIUzI1NiIsInR5cCI6IkpXVCJ9.eyJ0b2tlbl90eXBlIjoicmVmcmVzaCIsImV4cCI6MTc4Mzc4MzU2NywiaWF0IjoxNzgxMTkxNTY3LCJqdGkiOiI3NGNlODkxNTI1NTc0YmY3YjVjYTY1NTNiNmRjMDJkNSIsInVzZXJfaWQiOiI0ZThjMWZjZi1hMTU2LTQ0ZjItYmYxNi05ZmEzYjM3ZDM5NzcifQ.dF9uN-R8WGVQJX8Dq69GmpTWavUiHiZBM8XLQMtBw1I	2026-06-11 15:26:07.909805+00	2026-07-11 15:26:07+00	4e8c1fcf-a156-44f2-bf16-9fa3b37d3977	74ce891525574bf7b5ca6553b6dc02d5
65	eyJhbGciOiJIUzI1NiIsInR5cCI6IkpXVCJ9.eyJ0b2tlbl90eXBlIjoicmVmcmVzaCIsImV4cCI6MTc4Mzc4NDc3MCwiaWF0IjoxNzgxMTkyNzcwLCJqdGkiOiJjNzZiNWZkMTA2Mzg0ZWI4YjhlMjI4NTBlZDlkYTQ0OSIsInVzZXJfaWQiOiJjZDliZDU0My1iZWNmLTRhMTItYjY3Mi00N2JjZDBkNGM5NWUifQ.qK8T5q8FM7A-XY4RWfGLSssAoSMo02GvpTO0IaV-zI8	2026-06-11 15:46:10.789499+00	2026-07-11 15:46:10+00	cd9bd543-becf-4a12-b672-47bcd0d4c95e	c76b5fd106384eb8b8e22850ed9da449
66	eyJhbGciOiJIUzI1NiIsInR5cCI6IkpXVCJ9.eyJ0b2tlbl90eXBlIjoicmVmcmVzaCIsImV4cCI6MTc4Mzc4NTMzMCwiaWF0IjoxNzgxMTkzMzMwLCJqdGkiOiJjMTRlNzUyNDZjZmQ0MzJiODEwMzQxYjgxYWNiYTkxNCIsInVzZXJfaWQiOiI0ZThjMWZjZi1hMTU2LTQ0ZjItYmYxNi05ZmEzYjM3ZDM5NzcifQ.XHmKw0oS351jPX8N_r8asiquab44wZYB3CunZI_ALZI	2026-06-11 15:55:30.834538+00	2026-07-11 15:55:30+00	4e8c1fcf-a156-44f2-bf16-9fa3b37d3977	c14e75246cfd432b810341b81acba914
\.


--
-- Data for Name: token_blacklist_blacklistedtoken; Type: TABLE DATA; Schema: public; Owner: -
--

COPY public.token_blacklist_blacklistedtoken (id, blacklisted_at, token_id) FROM stdin;
\.


--
-- Data for Name: user_skills; Type: TABLE DATA; Schema: public; Owner: -
--

COPY public.user_skills (id, created_at, updated_at, deleted_at, type, profile_id, skill_id) FROM stdin;
5d9163ee-0de1-4426-acf9-39e5215697fc	2026-06-10 17:41:50.416874+00	2026-06-10 17:41:50.416997+00	\N	STRENGTH	08ac6245-6b77-45f1-9893-a3c923dc507e	add56c3c-ed20-4c27-8181-ac64c95a1082
21bbb51e-397e-4d64-9c2f-4aea5fa6071d	2026-06-10 17:41:50.514224+00	2026-06-10 17:41:50.514242+00	\N	STRENGTH	08ac6245-6b77-45f1-9893-a3c923dc507e	1e7e6270-5ad2-40a6-9dff-d776de212d92
ac9c4272-f7f9-4bc4-bf18-2e535dfd3d37	2026-06-10 17:41:50.571374+00	2026-06-10 17:41:50.571395+00	\N	WEAKNESS	08ac6245-6b77-45f1-9893-a3c923dc507e	55299383-606b-4d62-b5d9-0eecc2775609
27c42d9c-8038-4323-bddb-1e744d72117d	2026-06-10 14:25:23.821139+00	2026-06-10 14:25:23.821163+00	\N	STRENGTH	9ec37782-f01d-4322-b5a2-b00a5f83ad6e	d7eaff80-e8e0-4018-bfa7-6c283adf0215
c12ae3ff-10f8-4f22-a976-d3c53af6d063	2026-06-10 14:25:23.874681+00	2026-06-10 14:25:23.874702+00	\N	WEAKNESS	9ec37782-f01d-4322-b5a2-b00a5f83ad6e	add56c3c-ed20-4c27-8181-ac64c95a1082
31e9365f-8771-415f-8a16-ade11d42d3b9	2026-06-10 14:25:23.940946+00	2026-06-10 14:25:23.940965+00	\N	WEAKNESS	9ec37782-f01d-4322-b5a2-b00a5f83ad6e	48c05667-15b6-4fba-a316-db0e47706de5
22a79d6b-831e-43b1-85f2-a77889279af9	2026-06-10 14:25:24.008402+00	2026-06-10 14:25:24.008426+00	\N	WEAKNESS	9ec37782-f01d-4322-b5a2-b00a5f83ad6e	82c260c9-584a-44d5-8b4b-dbb3eec8ccd0
51a97827-9886-4e1f-bfd6-4b7aeff64fe3	2026-06-10 14:25:24.075535+00	2026-06-10 14:25:24.075557+00	\N	STRENGTH	aa841022-0523-4f34-bed7-b6960d284da4	8336be12-ac6d-4c05-b813-1577d0881f81
af8b2e8a-8225-4516-88c2-32526a541614	2026-06-10 14:25:24.142366+00	2026-06-10 14:25:24.142401+00	\N	STRENGTH	aa841022-0523-4f34-bed7-b6960d284da4	fc443974-d4c5-463b-b2d3-7ee994314f0a
31b3b664-edad-437d-b55c-7efc66de8675	2026-06-10 14:25:24.219715+00	2026-06-10 14:25:24.21975+00	\N	STRENGTH	aa841022-0523-4f34-bed7-b6960d284da4	82c260c9-584a-44d5-8b4b-dbb3eec8ccd0
4108b5f5-8b69-4934-8b67-22b49457a362	2026-06-10 14:25:24.277178+00	2026-06-10 14:25:24.277225+00	\N	STRENGTH	aa841022-0523-4f34-bed7-b6960d284da4	3809a851-2e12-481f-9e76-9518e8bced07
b5e045bd-fdea-49aa-8d2b-2815590a1cc9	2026-06-10 14:25:24.344179+00	2026-06-10 14:25:24.344213+00	\N	WEAKNESS	757c574b-9719-4c7b-9e00-21a7ee1d4093	add56c3c-ed20-4c27-8181-ac64c95a1082
303f9277-88e4-4c1b-a026-869b3e03b73a	2026-06-10 14:25:24.442045+00	2026-06-10 14:25:24.442082+00	\N	WEAKNESS	757c574b-9719-4c7b-9e00-21a7ee1d4093	48c05667-15b6-4fba-a316-db0e47706de5
ae67637e-d0af-4b5d-be33-24c78e04a682	2026-06-10 14:25:24.518556+00	2026-06-10 14:25:24.518592+00	\N	WEAKNESS	757c574b-9719-4c7b-9e00-21a7ee1d4093	89feba35-04e7-4b45-8066-0170a9b3d04e
328558c1-3205-4822-9adf-488975dba8c7	2026-06-10 14:25:24.572299+00	2026-06-10 14:25:24.572312+00	\N	WEAKNESS	757c574b-9719-4c7b-9e00-21a7ee1d4093	d7eaff80-e8e0-4018-bfa7-6c283adf0215
b7e34c1e-6aec-4298-8cdf-3b835ff9b750	2026-06-10 14:25:24.653691+00	2026-06-10 14:25:24.653742+00	\N	STRENGTH	48969b1c-1316-4814-b05a-2fcb821d31a1	fc443974-d4c5-463b-b2d3-7ee994314f0a
a53da908-6a42-4b01-8b1a-e31a90e949e0	2026-06-10 14:25:24.728842+00	2026-06-10 14:25:24.72888+00	\N	STRENGTH	48969b1c-1316-4814-b05a-2fcb821d31a1	8336be12-ac6d-4c05-b813-1577d0881f81
82141609-a512-4f6d-a664-973d96843e44	2026-06-10 14:25:24.785059+00	2026-06-10 14:25:24.785109+00	\N	STRENGTH	48969b1c-1316-4814-b05a-2fcb821d31a1	30ab5b5e-e14b-48d3-87b4-3a7b40290a29
88f42a53-1e70-4be7-9797-f350443b6c9c	2026-06-10 14:25:24.838788+00	2026-06-10 14:25:24.838818+00	\N	STRENGTH	48969b1c-1316-4814-b05a-2fcb821d31a1	76ceba85-8d8a-4cba-996c-84272fd61c3b
ec37a543-b39a-4883-8950-1042a85a161e	2026-06-10 14:25:24.906282+00	2026-06-10 14:25:24.906318+00	\N	WEAKNESS	48969b1c-1316-4814-b05a-2fcb821d31a1	add56c3c-ed20-4c27-8181-ac64c95a1082
9dc3c8e8-39f3-4df7-959c-bcaac4e5939d	2026-06-10 14:25:24.974883+00	2026-06-10 14:25:24.974917+00	\N	STRENGTH	bf8442cd-e57f-4394-bc9f-f711703cb479	d7eaff80-e8e0-4018-bfa7-6c283adf0215
bce7e843-5bce-4393-9d75-e0d41b3d84f8	2026-06-10 14:25:25.060914+00	2026-06-10 14:25:25.060951+00	\N	STRENGTH	bf8442cd-e57f-4394-bc9f-f711703cb479	8cbbebd7-23ac-421c-866b-37397ab7167d
f774e103-ab20-405b-9768-acf6c93d5270	2026-06-10 14:25:25.116323+00	2026-06-10 14:25:25.11636+00	\N	STRENGTH	bf8442cd-e57f-4394-bc9f-f711703cb479	f0b34f65-1fdc-41f7-92ea-94d7739ad668
31f6cb7f-44d2-430c-92de-6d495c3ade83	2026-06-10 14:25:25.182047+00	2026-06-10 14:25:25.182078+00	\N	STRENGTH	bf8442cd-e57f-4394-bc9f-f711703cb479	48c05667-15b6-4fba-a316-db0e47706de5
62f5ed6f-0ced-484e-a5cb-cd133c702f08	2026-06-10 14:25:25.249199+00	2026-06-10 14:25:25.249233+00	\N	STRENGTH	bf8442cd-e57f-4394-bc9f-f711703cb479	add56c3c-ed20-4c27-8181-ac64c95a1082
e07135a5-5499-4393-8fa4-d439ab72cc4f	2026-06-10 14:25:25.326309+00	2026-06-10 14:25:25.326351+00	\N	WEAKNESS	bf8442cd-e57f-4394-bc9f-f711703cb479	3e426c90-9400-4387-b22b-afdfe499fbd2
6ebd7ca5-d660-4ce1-a6c4-80ff8d7e913b	2026-06-10 14:25:25.395506+00	2026-06-10 14:25:25.395542+00	\N	WEAKNESS	181e73d9-825b-445a-9989-6c195b2c3054	20ab197b-eafd-45e3-8645-e542963b790e
06bc05a2-82f0-45d3-ace1-739aaf208960	2026-06-10 14:25:25.460086+00	2026-06-10 14:25:25.460102+00	\N	WEAKNESS	181e73d9-825b-445a-9989-6c195b2c3054	9f35d3cc-e693-430d-8724-6d1d081854d8
d1c9ae7f-b971-4db0-98fb-d2ae17d442dc	2026-06-10 14:25:25.524987+00	2026-06-10 14:25:25.525043+00	\N	WEAKNESS	181e73d9-825b-445a-9989-6c195b2c3054	add56c3c-ed20-4c27-8181-ac64c95a1082
cbb0f49b-7873-46dd-8e1f-c653248d1fd8	2026-06-10 14:25:25.593084+00	2026-06-10 14:25:25.593121+00	\N	WEAKNESS	181e73d9-825b-445a-9989-6c195b2c3054	48c05667-15b6-4fba-a316-db0e47706de5
a0b1ca4d-dd0c-4856-ba5a-daa68c20818a	2026-06-10 14:25:25.646999+00	2026-06-10 14:25:25.647039+00	\N	STRENGTH	ac24a8bd-3c25-4af6-b72b-1da9e004200e	de722840-66c3-4f2a-9fa1-09cecfe1501b
344c3406-80c6-4b11-963a-5b231cdda969	2026-06-10 14:25:25.712289+00	2026-06-10 14:25:25.71231+00	\N	STRENGTH	ac24a8bd-3c25-4af6-b72b-1da9e004200e	d7dc5e56-ba3d-4b4f-b58f-13d24227d954
6d692f22-ecf9-4310-ad6c-b3e8749756e6	2026-06-10 14:25:25.778868+00	2026-06-10 14:25:25.778895+00	\N	STRENGTH	ac24a8bd-3c25-4af6-b72b-1da9e004200e	3e426c90-9400-4387-b22b-afdfe499fbd2
9aec21eb-392a-4cd3-8ef0-907d886bfd28	2026-06-10 14:25:25.846161+00	2026-06-10 14:25:25.84619+00	\N	STRENGTH	ac24a8bd-3c25-4af6-b72b-1da9e004200e	7cfa7654-7f01-4274-9786-b685b1b4616a
77227f5c-44bb-4370-a31a-829a4f051f2d	2026-06-10 14:25:25.911178+00	2026-06-10 14:25:25.911193+00	\N	WEAKNESS	ac24a8bd-3c25-4af6-b72b-1da9e004200e	30ab5b5e-e14b-48d3-87b4-3a7b40290a29
52e74889-9f23-4533-a8a4-952c3dca56e2	2026-06-10 14:25:25.979532+00	2026-06-10 14:25:25.979565+00	\N	STRENGTH	c20a1276-4b3b-442c-a33f-03039f42eb8b	c0af0816-e957-4f64-8d5f-052141d1672e
52dcfd0f-12f1-444a-96fd-f745c306f0d5	2026-06-10 14:25:26.044186+00	2026-06-10 14:25:26.044207+00	\N	STRENGTH	c20a1276-4b3b-442c-a33f-03039f42eb8b	48c05667-15b6-4fba-a316-db0e47706de5
aea8bbbe-e0b3-496b-b05c-123ddf334daf	2026-06-10 14:25:26.110875+00	2026-06-10 14:25:26.110898+00	\N	STRENGTH	c20a1276-4b3b-442c-a33f-03039f42eb8b	d7eaff80-e8e0-4018-bfa7-6c283adf0215
e16794e4-de60-4543-805c-f8687411f7f1	2026-06-10 14:25:26.176405+00	2026-06-10 14:25:26.17642+00	\N	WEAKNESS	c20a1276-4b3b-442c-a33f-03039f42eb8b	f0b34f65-1fdc-41f7-92ea-94d7739ad668
f5ba3883-37ad-4985-8fef-0cb61bc7a5c4	2026-06-10 14:25:26.24397+00	2026-06-10 14:25:26.243991+00	\N	WEAKNESS	c20a1276-4b3b-442c-a33f-03039f42eb8b	add56c3c-ed20-4c27-8181-ac64c95a1082
2b801f6e-c73f-4439-b077-8987cdc9624f	2026-06-10 14:25:26.324642+00	2026-06-10 14:25:26.324673+00	\N	STRENGTH	173ed165-b675-4ef2-b46b-693495010ef5	add56c3c-ed20-4c27-8181-ac64c95a1082
2221e542-a77a-4669-996d-f7141b3332ef	2026-06-10 14:25:26.433796+00	2026-06-10 14:25:26.43384+00	\N	STRENGTH	173ed165-b675-4ef2-b46b-693495010ef5	30ab5b5e-e14b-48d3-87b4-3a7b40290a29
2d040ca8-c395-4eb4-b334-d93e995caad5	2026-06-10 14:25:26.498117+00	2026-06-10 14:25:26.498135+00	\N	STRENGTH	173ed165-b675-4ef2-b46b-693495010ef5	76ceba85-8d8a-4cba-996c-84272fd61c3b
72e07639-188c-4ff4-be9b-e52a55c2f58b	2026-06-10 14:25:26.754814+00	2026-06-10 14:25:26.754849+00	\N	STRENGTH	173ed165-b675-4ef2-b46b-693495010ef5	8336be12-ac6d-4c05-b813-1577d0881f81
cc9580c1-9f9d-4069-8cda-fb15d0430615	2026-06-10 14:25:26.962858+00	2026-06-10 14:25:26.962873+00	\N	STRENGTH	173ed165-b675-4ef2-b46b-693495010ef5	82c260c9-584a-44d5-8b4b-dbb3eec8ccd0
e8e18452-ca56-496b-9f64-e04df8d0271d	2026-06-10 14:25:27.074723+00	2026-06-10 14:25:27.074761+00	\N	WEAKNESS	173ed165-b675-4ef2-b46b-693495010ef5	48c05667-15b6-4fba-a316-db0e47706de5
\.


--
-- Data for Name: users_groups; Type: TABLE DATA; Schema: public; Owner: -
--

COPY public.users_groups (id, user_id, group_id) FROM stdin;
\.


--
-- Data for Name: users_user_permissions; Type: TABLE DATA; Schema: public; Owner: -
--

COPY public.users_user_permissions (id, user_id, permission_id) FROM stdin;
\.


--
-- Data for Name: verification_documents; Type: TABLE DATA; Schema: public; Owner: -
--

COPY public.verification_documents (id, file, status, rejection_reason, reviewed_by_id, created_at, updated_at, user_id) FROM stdin;
\.


--
-- Name: auth_group_id_seq; Type: SEQUENCE SET; Schema: public; Owner: -
--

SELECT pg_catalog.setval('public.auth_group_id_seq', 1, false);


--
-- Name: auth_group_permissions_id_seq; Type: SEQUENCE SET; Schema: public; Owner: -
--

SELECT pg_catalog.setval('public.auth_group_permissions_id_seq', 1, false);


--
-- Name: auth_permission_id_seq; Type: SEQUENCE SET; Schema: public; Owner: -
--

SELECT pg_catalog.setval('public.auth_permission_id_seq', 80, true);


--
-- Name: django_admin_log_id_seq; Type: SEQUENCE SET; Schema: public; Owner: -
--

SELECT pg_catalog.setval('public.django_admin_log_id_seq', 1, true);


--
-- Name: django_content_type_id_seq; Type: SEQUENCE SET; Schema: public; Owner: -
--

SELECT pg_catalog.setval('public.django_content_type_id_seq', 20, true);


--
-- Name: django_migrations_id_seq; Type: SEQUENCE SET; Schema: public; Owner: -
--

SELECT pg_catalog.setval('public.django_migrations_id_seq', 38, true);


--
-- Name: token_blacklist_blacklistedtoken_id_seq; Type: SEQUENCE SET; Schema: public; Owner: -
--

SELECT pg_catalog.setval('public.token_blacklist_blacklistedtoken_id_seq', 1, false);


--
-- Name: token_blacklist_outstandingtoken_id_seq; Type: SEQUENCE SET; Schema: public; Owner: -
--

SELECT pg_catalog.setval('public.token_blacklist_outstandingtoken_id_seq', 66, true);


--
-- Name: users_groups_id_seq; Type: SEQUENCE SET; Schema: public; Owner: -
--

SELECT pg_catalog.setval('public.users_groups_id_seq', 1, false);


--
-- Name: users_user_permissions_id_seq; Type: SEQUENCE SET; Schema: public; Owner: -
--

SELECT pg_catalog.setval('public.users_user_permissions_id_seq', 1, false);


--
-- PostgreSQL database dump complete
--

\unrestrict c3RrDI6YcuZYrus7aLebkVnUXPf8EHooyaRa5b7c86qfmxMetdGfLiMdOl4jhL7

